id, name, birth,sex,country
1, 安藤武夫 , 1938-09-11,0,0
2, 黎春华 , 1973-04-18,2,1
3, 李亮 , 1971-07-04,1,1
4, 李岱春 , 1977-12-12,1,1
5, 李世石 , 1983-03-02,1,3
6, 李圣宰 , 1977-09-19,1,3
7, 马石 , 1966-07-25,1,1
8, 李相勋(大) , 1973-12-02,1,3
9, 李相勋(小) , 1975-03-22,1,3
10, 李熙星 , 1982-08-12,1,3
11, 马晓春 , 1964-08-26,1,1
12, 李勇秀 , 1983-10-29,1,3
13, 李永刚 , 1977-12-11,1,1
14, 李英信 , 1977-02-21,2,3
15, 李豫川 , 1970-06-05,1,1
16, 安藤俊行 , 1948-06-30,0,0
17, 李昂 , 1981-09-01,1,1
18, 李昌镐 , 1975-07-29,1,3
19, 廖桂永 , 1962-12-29,1,1
20, 李华嵩 , 1981-04-16,1,1
21, 李 , 1983-12-04,1,1
22, 李君凯 , 1978-01-22,1,1
23, 李康 , 1987-02-08,1,1
24, 刘星 , 1984-12-10,1,1
25, 刘小光 , 1960-03-20,1,1
26, 刘世振 , 1977-07-28,1,1
27, 刘轶一 , 1974-03-11,1,1
28, 刘熙 , 1982-05-01,1,1
29, 刘菁 , 1975-04-23,1,1
30, 刘昌赫 , 1966-04-25,1,3
31, 刘钧 , 1975-06-00,1,1
32, 麦克雷蒙 , 1963-05-25,1,2
33, 林宣根 , 1957-09-25,1,3
34, 林朝华 , 1977-01-24,1,1
35, 林锋 , 1978-05-26,1,1
36, 林海峰 , 1942-05-06,1,2
37, 梁伟棠 , 1963-10-02,1,1
38, 梁雅娣 , 1974-08-21,2,1
39, 梁宰豪 , 1963-02-08,1,3
40, 梁建 , 1975-10-16,1,3
41, 柳时熏 , 1971-12-08,1,2
42, 柳才馨 , 1977-07-24,1,3
43, 罗洗河 , 1977-11-23,1,1
44, 青木喜久代 , 1968-05-24,2,2
45, 邱峻 , 1982-08-22,1,1
46, 许书祥 , 1973-05-14,1,1
47, 徐莹 , 1972-12-31,2,1
48, 徐能旭 , 1958-05-05,1,3
49, 徐奉洙 , 1953-02-01,1,3
50, 小林光一 , 1952-09-10,1,2
51, 小林觉 , 1959-04-05,1,2
52, 小松英树 , 1967-03-04,1,2
53, 谢赫 , 1984-05-14,1,1
54, 玄味真 , 1979-11-20,2,3
55, 松冈秀树 , 1968-03-08,1,2
56, 宋雪林 , 1962-03-08,1,1
57, 邵炜刚 , 1973-02-21,1,1
58, 权孝珍 , 1982-03-27,2,3
59, 权五敏 , 1980-08-03,1,3
60, 森山直棋 , 1965-09-20,1,2
61, 森田道博 , 1970-10-18,1,2
62, 石井邦生 , 1941-10-20,1,2
63, 史金帛 , 1981-08-14,1,1
64, 山下敬吾 , 1978-09-06,1,2
65, 山田规三生 , 1972-09-09,1,2
66, 吴新宇 , 1973-03-09,1,1
67, 吴肇毅 , 1965-04-22,1,1
68, 吴淞笙 , 1945-04-04,1,1
69, 王磊 , 1977-12-26,1,1
70, 王铭琬 , 1961-11-22,1,2
71, 王立诚 , 1958-11-07,1,2
72, 王雷 , 1986-10-11,1,1
73, 王汝南 , 1946-09-02,1,1
74, 王群 , 1957-05-03,1,1
75, 王煜辉 , 1976-06-14,1,1
76, 王檄 , 1984-01-09,1,1
77, 汪洋 , 1980-04-05,1,1
78, 王 , 1983-01-26,1,1
79, 王东亮 , 1971-11-19,1,1
80, 王海军 , 1965-01-09,1,1
81, 汪见虹 , 1963-09-12,1,1
82, 武宫正树 , 1951-01-01,1,2
83, 希安托马斯 , null,1,0
84, 亚历山大迪那斯塔因 , 1980-04-19,1,0
85, 杨晖 , 1963-05-12,2,1
86, 杨士海 , 1971-01-14,1,1
87, null , 1984-07-29,1,1
88, 彦坂直人 , 1962-03-17,1,2
89, 岳亮 , 1982-07-25,1,1
90, 依田纪基 , 1966-02-11,1,2
91, 余平 , 1974-08-22,1,1
92, 俞斌 , 1967-04-16,1,1
93, 羽根直树 , 1976-08-14,1,2
94, 赵兴华 , 1984-01-20,1,1
95, 赵善津 , 1970-04-18,1,2
96, 赵守洵 , 1984-07-22,1,1
97, 赵哲伦 , 1985-02-01,1,1
98, 赵治勋 , 1956-06-20,1,2
99, 赵汉乘 , 1982-11-27,1,3
100, 赵惠连 , 1985-06-07,2,3
101, 尹盛铉 , 1975-06-30,1,3
102, 尹炫皙 , 1974-01-02,1,3
103, 尹英善 , 1977-11-22,2,3
104, 尹奇铉 , 1942-09-19,1,3
105, 尹赫 , 1984-04-22,1,3
106, 张欣 , 1972-12-17,1,1
107, 张秀英 , 1952-09-17,1,3
108, 张栩 , 1980-01-20,1,2
109, 张璇 , 1968-06-22,2,1
110, 张文东 , 1969-05-05,1,1
111, 张伟金 , 1983-02-09,1,1
112, 张学斌 , 1985-01-17,1,1
113, 张东岳 , 1984-06-04,1,1
114, 元晟溱 , 1985-07-15,1,3
115, 芮乃伟 , 1963-12-28,2,1
116, 潘善琪 , 1977-10-07,1,2
117, 潘峰 , 1983-06-25,1,1
118, 彭荃 , 1985-11-09,1,1
119, 彭景华 , 1960-03-13,1,0
120, 牛雨田 , 1984-12-27,1,1
121, 睦镇硕 , 1980-01-20,1,3
122, 朴升贤 , 1984-05-28,1,3
123, 朴升哲 , 1982-04-11,1,3
124, 聂卫平 , 1952-08-17,1,1
125, 朴永训 , 1985-04-01,1,3
126, 朴正祥 , 1984-08-23,1,3
127, 朴志恩 , 1983-11-04,2,3
128, 濑户大树 , 1984-03-27,1,2
129, 中野宽也 , 1969-06-03,1,2
130, 朱松力 , 1977-06-14,1,1
131, 朱毅 , 1977-01-11,1,1
132, 朱宝训 , 1946-12-08,0,0
133, 周振宇 , null,1,1
134, 周波 , 1980-01-24,1,1
135, 周鹤洋 , 1976-06-18,1,1
136, 周俊勋 , 1980-02-23,1,0
137, 郑策 , 1983-11-12,1,1
138, 郑弘 , 1968-02-19,1,1
139, 知念薰 , 1974-07-28,2,2
140, 阿基鲁尔 , 1959-07-16,1,0
141, 安永吉 , 1980-05-01,1,3
142, 安倍吉辉 , 1941-09-28,1,2
143, 安达勋 , 1980-05-29,1,3
144, 安祚永 , 1979-09-25,1,3
145, 白大铉 , 1978-05-15,1,3
146, 鲍云 , 1981-08-01,0,0
147, 本田邦久 , 1945-06-15,1,2
148, 蔡建鹏 , null,0,0
149, 曹薰铉 , 1953-03-10,1,3
150, 曹大元 , 1962-01-26,1,1
151, 陈临新 , 1963-03-20,1,1
152, 陈慧芳 , 1954-04-01,2,1
153, 陈祖德 , 1944-02-19,1,1
154, 程晓流 , 1949-01-26,1,1
155, 常昊 , 1976-11-07,1,1
156, 车敏洙 , 1951-01-15,1,3
157, 车泽武 , 1963-06-18,1,1
158, 大竹英雄 , 1942-05-12,1,2
159, 崔明勋 , 1975-05-12,1,3
160, 崔前进 , null,1,1
161, 崔哲瀚 , 1985-03-12,1,3
162, 崔圭丙 , 1963-05-06,1,3
163, 祷阳子 , 1974-06-14,2,2
164, 段嵘 , 1972-09-29,1,1
165, 杜宇峰 , 1976-05-08,0,0
166, 丁伟 , 1979-05-16,1,1
167, 东野弘昭 , 1939-08-22,1,2
168, 董彦 , 1977-08-08,1,1
169, 冯伟 , 1984-06-10,1,1
170, 方天丰 , 1962-07-28,1,1
171, 方捷 , 1970-07-14,1,1
172, 冈田结美子 , 1970-06-22,2,2
173, 付利 , 1975-00-00,1,1
174, 付冲 , 1988-06-08,1,1
175, 高尾绅路 , 1976-10-26,1,2
176, 高根台 , 1987-03-30,1,3
177, 郭娟 , 1960-05-06,2,1
178, 古灵益 , 1991-07-03,1,1
179, 古力 , 1983-02-03,1,1
180, 沟上知亲 , 1977-06-22,1,2
181, 横田茂昭 , 1969-05-01,1,2
182, 河野临 , 1981-01-07,1,2
183, 河灿锡 , 1948-12-20,1,3
184, 胡耀宇 , 1982-01-18,1,1
185, 韩晔 , 1979-02-16,1,1
186, 韩钟振 , 1979-06-02,1,3
187, 杭天鹏 , 1977-09-09,1,1
188, 黄孟正 , 1958-09-30,1,2
189, 黄焰 , 1965-09-20,2,3
190, 黄奕中 , 1981-08-24,1,1
191, 华学明 , 1962-11-17,2,1
192, 华以刚 , 1949-04-02,1,1
193, 加藤正夫 , 1947-03-15,1,2
194, 金秀俊 , 1979-01-24,1,2
195, 金秀壮 , 1957-11-15,1,3
196, 金日焕 , 1956-04-28,1,3
197, 金荣桓 , 1970-12-21,1,3
198, 金万树 , 1977-07-11,1,3
199, 金泽盛荣 , null,1,2
200, 金主镐 , 1984-12-05,1,3
201, 金承俊 , 1973-03-23,1,3
202, 今村俊也 , 1966-03-29,1,2
203, 姜勋(大) , 1957-12-09,1,3
204, 姜至省 , 1981-12-18,1,3
205, 江铸久 , 1962-02-17,1,1
206, 久保胜昭 , 1958-02-07,1,2
207, 卡塔林 , 1973-03-31,1,0
208, 孔杰 , 1982-11-25,1,1
209, 邹俊杰 , 1980-02-24,1,1
210, 孟磊 , null,1,1
211, 天宅信雄 , 1934-04-29,0,0
212, 李知炫 , 1979-05-02,2,3
213, 安东明雄 , 1939-10-07,0,0
214, 刘曦 , 1988-04-06,1,1
215, 罗建文 , 1943-05-18,1,1
216, 桥本昌二 , 1935-04-18,1,2
217, 孙梦厦 , 1984-04-27,1,1
218, 宋泰坤 , 1986-09-08,1,3
219, 孙宜国 , 1968-08-25,1,1
220, 阮云生 , 1955-06-16,1,1
221, 楠光子 , 1939-09-03,2,2
222, 石田芳夫 , 1948-08-15,1,2
223, 山城宏 , 1958-08-12,1,2
224, 吴楷 , 1985-01-24,1,1
225, 王蕊 , 1979-07-11,2,1
226, 王元 , 1960-04-27,1,1
227, 王伯刚 , 1971-06-03,1,1
228, 谭炎午 , 1951-07-31,1,1
229, 薛磊 , 1986-06-15,1,1
230, 赵大贤 , 1959-04-08,1,3
231, 于璇 , null,0,0
232, 扎意斯特 , null,0,0
233, 张蛟 , null,1,1
234, 朴炳奎 , 1981-07-09,1,3
235, 片冈聪 , 1958-08-03,1,2
236, 中小野田智己 , 1970-03-30,1,2
237, 中野泰宏 , 1977-05-18,1,2
238, 朱燕铭 , 1971-03-18,1,1
239, 郑寿铉 , 1956-02-01,1,3
240, 陈明川 , 1965-02-21,1,1
241, 陈诗渊 , 1985-10-28,1,0
242, 陈兆峰 , 1957-06-08,0,0
243, 淡路修三 , 1949-08-13,1,2
244, 工藤纪夫 , 1940-08-02,1,2
245, 皇甫伟 , null,0,0
246, 张吕祥 , 1952-05-01,0,0
247, 黄希文 , 1963-04-20,0,0
248, 金成龙 , 1976-08-12,1,3
249, 王亦民 , 1969-03-00,1,1
250, 李贤旭 , 1980-02-25,1,3
251, 结城聪 , 1972-02-11,1,2
252, 杨慧人 , null,1,0
253, 林宇翔 , 1984-09-10,1,0
254, 长谷川直 , 1959-12-11,1,2
255, 杨嘉源 , 1970-04-29,1,2
256, 后藤俊午 , 1966-10-20,1,2
257, 吉田美香 , 1971-02-12,2,2
258, 秋山次郎 , 1977-11-23,1,2
259, 黄元俊 , 1952-05-22,1,3
260, 阿历克谢 , null,0,0
261, 金荣三 , 1974-12-10,1,3
262, 金明完 , 1978-02-02,1,3
263, 王森峰 , null,0,0
264, 孟昭玉 , 1981-12-16,2,1
265, 于梅玲 , 1967-11-21,2,1
266, 江鸣久 , 1957-07-15,1,0
267, 尹峻相 , 1987-11-20,1,3
268, 林至涵 , 1980-11-14,1,0
269, 汉斯 , 1968-09-27,1,0
270, 苑田勇一 , 1952-03-30,1,2
271, 菊池康郎 , 1929-08-20,1,2
272, 曹恒梃 , 1987-04-10,1,1
273, 石田笃司 , 1969-06-24,1,2
274, 宫泽吾朗 , 1949-11-29,1,2
275, 汤川光久 , 1966-08-07,1,2
276, 三村智保 , 1969-07-04,1,2
277, 今村善彰 , 1968-08-14,1,2
278, 许映皓 , 1986-07-02,1,3
279, 高木祥一 , 1943-11-07,1,2
280, 桥本雄二郎 , 1955-01-29,1,2
281, 道家昂 , 1934-03-05,0,0
282, 长谷川加与子 , 1938-11-23,0,0
283, 陈嘉锐 , 1954-08-23,1,2
284, 大矢浩一 , 1966-03-22,1,2
285, 山田拓自 , 1979-08-06,1,2
286, 小林泉美 , 1977-06-20,2,2
287, 加藤充志 , 1974-08-14,1,2
288, 羽根泰正 , 1944-06-25,1,2
289, 清成哲也 , 1961-11-27,1,2
290, 廉正勋 , 1983-03-05,1,3
291, 李载雄 , 1985-04-09,1,3
292, 金江根 , 1979-08-28,1,3
293, 藤泽秀行 , 1925-06-14,1,2
294, 白成豪 , 1956-02-10,1,3
295, 金东烨 , 1957-01-10,1,3
296, 玉得真 , 1982-02-10,1,3
297, 陈耀烨 , 1989-12-16,1,1
298, 朴胜文 , 1963-01-03,1,3
299, 朴进率 , 1986-09-07,1,3
300, 崔原踊 , 1984-08-28,1,3
301, 坂井秀至 , 1973-04-23,1,2
302, 李多慧 , 1985-10-27,2,3
303, 李映九 , 1987-08-23,1,3
304, 郑大相 , 1957-09-08,1,3
305, 韩铁均 , 1955-01-04,1,3
306, 田舟 , 1986-10-25,1,1
307, 叶桂 , 1974-08-05,2,1
308, 加藤朋子 , 1969-01-19,2,2
309, 小山满鹤 , 1970-01-03,2,2
310, 唐盈 , 1982-00-00,2,1
311, 卢永夏 , 1951-03-15,1,3
312, 岩田达明 , 1926-01-02,1,2
313, 姜东润 , 1989-01-23,1,3
314, 仓桥正行 , 1972-12-07,1,2
315, 白洪淅 , 1986-07-02,1,3
316, 苏耀国 , 1979-09-11,1,2
317, 宋光复 , 1964-03-21,1,2
318, 白石裕 , 1941-02-14,1,2
319, 石田章 , 1949-05-23,1,2
320, 俞在星 , 1980-01-05,1,3
321, 金成来 , 1963-11-09,1,3
322, 朴之勋 , 1979-10-05,0,0
323, 朱亨煜 , 1984-01-30,1,3
324, 丰云 , 1966-10-02,2,0
325, 洪G杓 , 1984-05-09,1,3
326, 洪章植 , 1981-08-21,1,3
327, 李 , 1989-01-31,1,1
328, 李廷训 , null,1,0
329, 丝维塔 , 1980-03-07,2,0
330, 黄祥任 , 1974-06-22,1,0
331, 高原周二 , 1964-07-21,1,2
332, 金亨奂 , 1986-08-26,1,3
333, 陈永安 , 1953-06-04,1,0
334, 大泽奈留美 , 1976-05-22,2,2
335, 小县真树 , 1964-09-07,1,2
336, 梅泽由香里 , 1973-10-04,2,2
337, 李勇赞 , 1982-03-01,1,3
338, 金光植 , 1979-10-10,1,3
339, 关山利道 , 1973-06-29,1,2
340, 洪性志 , 1987-08-07,1,3
341, 泉谷英雄 , 1969-09-23,1,2
342, 张维 , 1989-12-18,1,1
343, 景石 , 1987-11-09,1,1
344, 褚飞 , 1977-11-00,1,1
345, 金恩善 , 1988-09-12,2,3
346, 金敏熙 , 1979-03-29,2,3
347, 林圣贤 , 1959-06-14,1,0
348, 小川诚子 , 1951-04-01,2,2
349, 鹤山淳志 , 1981-08-31,1,2
350, 金钟秀 , 1960-10-16,1,3
351, 矢代久美子 , 1976-07-31,2,2
352, 松本武久 , 1980-09-08,1,2
353, 上村阳生 , 1949-05-05,1,2
354, 时本壹 , 1948-05-09,1,2
355, 井口N秀 , 1971-05-23,1,2
356, 郑岩 , 1984-08-02,2,1
357, 何晓任 , 1954-04-07,2,0
358, 金秀真 , 1987-05-18,2,3
359, 张凯馨 , 1980-07-04,2,0
360, 藤井秀哉 , 1980-09-10,1,2
361, 邵震中 , 1958-10-15,1,1
362, 坂口隆三 , 1948-11-16,1,2
363, 大森泰志 , 1968-04-14,1,2
364, 周逵 , 1986-04-07,1,1
365, 岳嵩 , 1982-08-07,1,1
366, 中泽彩子 , 1971-10-19,2,2
367, 铃木步 , 1983-09-23,2,2
368, 片山安雄 , 1964-07-28,1,2
369, 许顿 , 1982-05-17,0,0
370, 王冠军 , 1963-04-19,1,1
371, 马笑冰 , 1988-01-16,1,1
372, 张英挺 , 1978-04-12,1,1
373, 刘帆 , 1974-06-23,1,1
374, 张森 , 1980-11-22,0,0
375, 王隽 , 1983-04-08,0,0
376, 李魁 , 1980-11-20,1,1
377, 朱剑舜 , 1985-03-22,1,1
378, 金生煜 , 1978-05-06,1,1
379, 王昊洋 , 1988-12-24,1,1
380, 朴文 , 1988-04-25,1,1
381, 周睿羊 , 1991-03-08,1,1
382, 张立 , 1987-10-27,1,1
383, 崔灿 , 1988-01-18,1,1
384, 孙远 , 1981-08-23,1,1
385, 金渭斌 , 1962-11-27,1,1
386, 赵栋 , 1971-05-05,1,1
387, 刘力 , 1954-03-25,0,0
388, 龚世运 , 1978-04-23,0,0
389, 王剑坤 , 1963-05-01,1,1
390, 曾炳权 , 1962-01-05,0,0
391, 鲁健 , 1961-08-13,0,0
392, 容坚行 , 1951-07-24,0,0
393, 罗建元 , 1953-01-01,0,0
394, 阎安 , 1962-07-12,1,1
395, 陈瑞 , 1971-10-23,1,1
396, 王洪军 , 1965-06-03,1,1
397, 吴玉林 , 1946-08-09,1,1
398, 郭北雅 , 1980-06-27,1,1
399, 邱继红 , 1969-11-01,1,1
400, 赵余宏 , 1963-02-12,1,1
401, 李海 , 1961-05-31,0,0
402, 庞延 , 1971-06-27,0,0
403, 陆军 , 1956-03-21,1,1
404, 张伟 , null,0,0
405, 祝励立 , null,1,1
406, 袁曦 , null,0,0
407, 金茜倩 , 1963-11-17,2,1
408, 李亚春 , 1961-12-01,1,1
409, 吴道明 , null,0,0
410, 孟泰龄 , 1987-02-12,1,1
411, 陶忻 , 1988-09-26,1,1
412, 姚小敏 , 1961-02-23,0,0
413, 丁烈 , 1986-08-29,1,1
414, 回敬辰 , null,0,0
415, 彭小峰 , 1975-06-30,1,1
416, 杨冬 , 1989-11-07,1,1
417, 丁明 , 1978-01-21,0,0
418, 崔宁 , null,1,1
419, 黄晨 , 1988-08-17,1,1
420, 吴麒 , null,1,1
421, 施洲 , 1975-08-23,1,1
422, 尹廓 , null,0,0
423, 蓝天 , 1990-04-19,1,1
424, 王一飞 , 1977-04-08,0,0
425, 陈佳 , null,1,1
426, 刘涛 , null,2,1
427, 郭明鑫 , 1989-07-20,1,1
428, 张斐斐 , null,0,0
429, 郭天瑞 , null,1,1
430, 唐兢 , null,1,1
431, 孙湛博 , null,0,0
432, 荆上 , 1976-10-09,0,0
433, 柁嘉熹 , 1991-01-15,1,1
434, 唐奕 , 1988-01-22,2,1
435, 姚征 , 1963-05-27,0,0
436, 朱元豪 , 1990-09-06,1,1
437, 王斌 , null,0,0
438, 贾小宇 , 1989-03-19,1,1
439, 孟繁雄 , null,0,0
440, null , null,2,1
441, 许斐然 , null,1,1
442, 张亚博 , 1990-08-05,1,1
443, 胡文松 , null,0,0
444, 白光源 , 1988-05-16,1,1
445, 韩晗 , 1989-07-11,1,1
446, 黄贲 , null,1,1
447, 佟禹林 , 1992-01-25,1,1
448, 陶汉文 , null,1,1
449, 时越 , 1991-01-11,1,1
450, 李天竹 , null,0,0
451, 陈栋如 , 1990-07-02,1,1
452, 腾程 , null,1,1
453, 栾秋成 , null,1,1
454, 董亦沛 , null,1,1
455, 桂文波 , 1991-09-23,1,1
456, 王鹭 , 1988-06-11,1,1
457, 徐金阳 , null,0,0
458, 邬光亚 , 1990-07-31,1,1
459, null , 1988-01-08,2,1
460, 陈盈 , 1983-01-05,2,1
461, 李嘉麒 , null,0,0
462, 庄园 , 1988-08-13,1,1
463, 范蔚菁 , 1987-04-11,2,1
464, 孙明杰 , 1982-05-17,0,0
465, 曹呈 , 1987-02-16,2,1
466, 潘文君 , 1988-06-08,1,1
467, 钟文靖 , 1990-09-25,1,1
468, 毛睿龙 , 1990-01-18,1,1
469, 汪慧 , null,2,1
470, 贾倩 , null,2,1
471, 金靖 , 1988-04-07,1,1
472, 李云生 , null,0,0
473, 王幼侠 , 1989-01-01,1,1
474, 吴振宇 , null,0,0
475, 马清清 , null,0,0
476, 韩钢 , 1979-06-11,0,0
477, 王宏伟 , null,0,0
478, 卢笛 , 1985-06-28,0,0
479, 闵娜 , null,2,1
480, 杨潜 , null,1,1
481, 涂清 , null,1,1
482, 陈为 , 1975-11-29,0,0
483, 陈潇楠 , 1989-06-16,1,1
484, 李凡 , null,0,0
485, 李轶 , 1985-05-08,1,1
486, 尹航 , 1988-11-15,1,1
487, 甘思阳 , 1988-09-05,1,1
488, 王昊 , 1977-09-20,0,0
489, 仇丹云 , 1979-02-04,2,1
490, 边志文 , null,1,1
491, 王志国 , null,0,0
492, 许鑫 , null,0,0
493, 田野 , null,0,0
494, 刘元博 , null,0,0
495, 沈静 , 1971-07-08,2,1
496, 胡磊 , null,1,1
497, 赵子骥 , null,1,1
498, 杨梓 , null,2,1
499, 黄佳 , null,2,1
500, 殷鉴 , null,0,0
501, 晏宁 , null,1,1
502, 苏d , 1982-07-30,2,1
503, 王骥 , null,0,0
504, 林耕三 , 1963-01-17,0,0
505, 唐莉 , 1982-07-27,2,1
506, 黎剑 , null,2,1
507, 张祺 , null,0,0
508, 鲁佳 , 1988-07-29,2,1
509, 张瑞 , 1988-11-12,2,1
510, 付斌芳 , null,0,0
511, 杨爽 , null,2,1
512, 马媛媛 , null,0,0
513, 梁博超 , null,1,1
514, 曹宏宇 , null,0,0
515, 刘雅洁 , null,0,0
516, 毛佳君 , 1982-01-23,0,0
517, 袁卫红 , 1970-04-30,2,1
518, 刘禹欣 , 1978-06-15,0,0
519, 唐锦潮 , 1949-07-07,0,0
520, 万波佳奈 , 1983-06-16,2,2
521, 钱宇平 , 1966-10-06,1,1
522, 孔祥明 , 1955-09-10,2,1
523, 沈果孙 , 1942-11-19,0,0
524, 李钢 , 1954-01-28,1,1
525, 杨硕 , null,0,0
526, 唐毅 , null,0,0
527, 陈志刚 , 1950-12-24,1,1
528, 黄妙玲 , null,0,0
529, 沈曼蓉 , null,0,0
530, 梁志敏 , 1972-06-07,0,0
531, 梁春晨 , null,0,0
532, 沈颖 , null,0,0
533, 朱阿逸 , null,0,0
534, 林有太郎 , 1900-03-28,0,0
535, 大渊盛人 , 1965-08-10,1,2
536, 李廷宇 , 1981-06-01,1,3
537, 徐健佑 , 1987-02-24,1,3
538, 金大容 , 1985-07-30,1,3
539, 大垣雄作 , 1970-04-11,1,2
540, 崔文墉 , 1980-10-03,1,3
541, 王辉 , 1969-05-25,1,1
542, 黄德勋 , 1950-02-17,1,1
543, 平光尚 , 1926-05-09,0,0
544, 倪林强 , 1965-10-19,1,1
545, 黄进先 , 1943-08-20,1,1
546, 陈安齐 , 1948-09-13,0,0
547, 徐荣新 , 1951-12-01,1,1
548, 陶坚海 , 1961-09-01,0,0
549, 程征宇 , 1963-02-28,1,1
550, 裘瑜民 , 1953-11-00,0,0
551, 梁鹤年 , 1952-08-18,1,1
552, 王谊 , 1960-10-18,0,0
553, 中岛美绘子 , 1978-10-18,2,2
554, 李捷 , null,0,0
555, 戴嘉伸 , 1958-06-02,1,0
556, 周咸亨 , 1951-07-17,0,0
557, 陈长清 , 1951-04-27,0,0
558, 陈国兴 , 1945-08-03,1,0
559, 陈士 , null,1,0
560, 杨志德 , 1956-10-27,1,0
561, 曹泽霖 , 1938-08-05,0,0
562, 王学传 , 1945-08-03,1,0
563, 曾启德 , 1953-09-30,0,0
564, 陈惠民 , null,1,0
565, 陈永奇 , 1955-12-31,0,0
566, 陈明进 , null,1,0
567, 周可平 , 1967-07-19,1,0
568, 蔡文河 , null,1,0
569, 林书阳 , 1989-09-19,1,0
570, 端山省三 , 1942-07-31,0,0
571, 周平强 , 1982-12-24,1,0
572, 萧正浩 , 1988-10-05,1,0
573, 夏大铭 , 1984-12-01,1,0
574, 陈秋龙 , 1952-08-27,1,0
575, 陈逸达 , 1983-11-23,1,0
576, 李奎汉 , 1987-10-23,1,0
577, 张正平 , 1981-10-05,2,0
578, 杨孟允 , 1985-04-24,1,0
579, 魏豪廷 , 1993-10-11,1,0
580, 陈锋 , 1991-12-04,1,0
581, 刘建昌 , 1974-11-17,1,0
582, 饶瑞雍 , 1987-11-02,1,0
583, 陈义翔 , 1983-11-07,1,0
584, 范扬波 , 1973-10-03,1,0
585, 周尹南 , 1989-01-30,1,0
586, 秦士 , 1987-09-13,1,0
587, 关山利一 , 1909-12-23,0,0
588, 桥本宇太郎 , 1907-02-27,1,2
589, 加藤信 , 1891-11-05,0,0
590, 岩本薰 , 1902-02-05,1,2
591, 木谷实 , 1909-01-25,0,0
592, 坂田荣男 , 1920-02-15,1,2
593, 高川格 , 1915-09-21,1,2
594, 杉内雅男 , 1920-10-20,1,2
595, 尹在雄 , 1984-08-06,1,3
596, 金善镐 , 1984-05-23,0,0
597, 朴成洙 , 1961-03-04,0,0
598, 徐武祥 , 1977-06-15,1,3
599, 金灿佑 , 1972-04-08,1,3
600, 望月研一 , 1983-04-24,1,2
601, 井山裕太 , 1989-05-24,1,2
602, 林汉杰 , 1984-03-22,1,2
603, 大场也 , 1983-10-01,1,2
604, 张丰酋 , 1981-10-22,1,2
605, 安官旭 , 1961-11-08,1,3
606, 赵南哲 , 1923-11-30,1,3
607, 金寅 , 1943-11-23,1,3
608, 洪钟贤 , 1946-05-10,1,3
609, 许壮会 , 1954-06-15,1,3
610, 金在九 , 1938-10-13,0,0
611, 刘丙虎 , 1950-06-29,1,3
612, 梁相国 , 1949-02-10,1,3
613, 姜晚寓 , 1959-05-30,1,3
614, 李东奎 , 1953-05-23,1,3
615, 洪太善 , 1954-07-20,1,3
616, 李洪烈 , 1954-09-27,1,3
617, 金东勉 , 1956-10-24,1,3
618, 吴圭 , 1952-11-13,1,3
619, 文明根 , 1954-10-07,1,3
620, 高在熙 , 1939-07-24,1,3
621, 金秀英 , 1944-03-28,1,3
622, 李奉根 , 1946-04-17,0,0
623, 俞健在 , 1948-09-01,1,3
624, 千丰柞 , 1947-03-12,1,3
625, 金德奎 , 1949-03-14,1,3
626, 金坐基 , 1947-04-23,1,3
627, 张斗轸 , 1953-03-04,1,3
628, 朴振悦 , 1942-02-18,1,3
629, 朴相墩 , 1956-10-07,1,3
630, 李相澈 , 1949-04-26,1,3
631, 权甲龙 , 1957-10-03,1,3
632, 任昌植 , 1956-05-27,1,3
633, 金鹤洙(小) , 1956-04-19,0,0
634, 崔彰元 , 1937-08-04,0,0
635, 沈宗植 , 1940-10-10,0,0
636, 权庆彦 , 1941-03-18,0,0
637, 金原 , 1967-01-03,1,3
638, 金润泰 , 1939-02-24,0,0
639, 李基燮 , 1950-02-23,1,3
640, 卢俊焕 , 1971-02-19,0,0
641, 李康日 , 1921-09-14,0,0
642, 白兴秀 , 1941-06-20,0,0
643, 金圣勋 , 1942-02-19,0,0
644, 金鹤洙(大) , 1939-03-19,0,0
645, 郑东植 , 1942-04-07,0,0
646, 李俊鹤 , 1943-12-01,0,0
647, 韩相烈 , 1948-02-23,0,0
648, 罗钟勋 , 1957-02-12,1,3
649, 车修权 , 1956-11-06,0,0
650, 文容直 , 1958-09-18,1,3
651, 金宗俊 , 1952-11-11,1,3
652, 李炯鲁 , 1953-01-03,1,3
653, 朴钟烈 , 1953-04-26,1,3
654, 林舜泽 , 1953-09-05,1,3
655, 金基宪 , 1956-07-27,1,3
656, 孔炳柱 , 1970-05-10,1,3
657, 张明翰 , 1957-08-03,1,3
658, 金俊永 , 1954-10-08,1,3
659, 邵光 , null,1,1
660, 吴树浩 , 1992-01-28,1,1
661, 赵英淑 , 1948-07-08,0,0
662, 金锡兴 , 1959-01-23,0,0
663, 朴映璨 , 1960-09-12,1,3
664, 李宽哲 , 1956-01-01,0,0
665, 洪彩霞 , 1983-07-25,2,3
666, 李玟真 , 1984-07-11,2,3
667, 尹钟燮 , 1948-07-25,0,0
668, 金孝坤 , 1983-03-26,0,0
669, 金哲中 , 1955-11-18,1,3
670, 金孝贞 , 1981-02-14,0,0
671, 李晶瑗 , 1975-05-28,0,0
672, 尹泳珉 , 1978-07-27,2,3
673, 河好贞 , 1980-03-05,2,3
674, 姜升希 , 1980-10-21,0,0
675, 韩海苑 , 1982-04-13,2,3
676, 金惠敏 , 1986-09-02,2,3
677, 南治亨 , 1975-03-13,2,3
678, 金兑乡 , 1978-04-08,0,0
679, 裴允珍 , 1986-07-21,0,0
680, 金善美 , 1983-10-01,2,3
681, 崔东恩 , 1989-04-30,0,0
682, 朴志勋 , 1984-11-16,1,3
683, 金世实 , 1988-03-18,2,3
684, 孙根气 , 1987-11-20,1,3
685, 金东熙 , 1985-10-24,1,3
686, 金大熙 , 1989-08-15,1,3
687, 白知熹 , 1985-06-25,0,0
688, 金焕洙 , 1985-08-11,1,3
689, 尹智熙 , 1988-11-02,0,0
690, 丁铉山 , 1969-08-12,1,3
691, 胡晓苓 , null,0,0
692, 张弛 , null,1,1
693, 席艳艳 , null,0,0
694, 田中智惠子 , 1952-01-18,2,2
695, 大熊千久子 , 1922-02-07,2,2
696, 桥口美香 , 1963-09-19,0,0
697, 水户夕香里 , 1965-04-05,2,2
698, 井泽秋乃 , 1978-10-31,2,2
699, Y原史子 , 1970-05-19,2,2
700, 芦田矶子 , 1958-09-05,2,2
701, 种村小百合 , 1981-07-27,2,2
702, 白石京子 , 1969-08-30,2,2
703, 水野弘美 , 1967-12-25,2,2
704, 荒木真子 , 1965-03-04,2,2
705, 佃亚纪子 , 1971-11-25,2,2
706, 多富佳绘 , 1971-03-13,2,2
707, 小西和子 , 1972-10-28,2,2
708, 李杨 , 1962-09-16,2,2
709, 刘乾利 , 1950-09-09,0,0
710, 季荣强 , 1960-02-00,0,0
711, 谢裕国 , null,0,0
712, 中辰光 , null,1,1
713, 黄良玉 , 1944-10-30,0,0
714, 洪艳 , null,0,0
715, 施敏 , 1969-09-00,1,1
716, 吴祺 , 1977-07-03,0,0
717, 蒋峰 , 1954-07-28,0,0
718, 谢峰 , null,0,0
719, 李星 , 1962-08-26,1,1
720, 刘青琳 , null,1,1
721, 庄玫缤 , null,0,0
722, 廖勇夫 , null,0,0
723, 黄忠英 , null,0,0
724, 高峰 , null,0,0
725, 叶锦锦 , null,2,1
726, 章文华 , 1980-04-03,0,0
727, 朱菊菲 , 1961-10-00,0,0
728, 张文耀 , null,0,0
729, 丁波 , 1971-01-24,1,1
730, 陈晓昕 , null,0,0
731, 梅艳 , null,0,0
732, 王慧 , null,0,0
733, 郝明霞 , null,0,0
734, 管一昕 , null,0,0
735, 宁军 , null,0,0
736, 何旭光 , null,0,0
737, 葛凡帆 , null,0,0
738, 王业辉 , 1951-12-21,0,0
739, 刘波 , null,2,1
740, 余晓丹 , null,0,0
741, 朱文馨 , null,0,0
742, 陈倩薇 , null,0,0
743, 李晨硕 , null,0,0
744, 徐中华 , null,0,0
745, 张晏秋 , null,0,0
746, 苏磊 , null,0,0
747, 郭田农 , null,0,0
748, 张启 , null,0,0
749, 许莽 , null,0,0
750, 杨戎 , null,0,0
751, 牛歌 , null,0,0
752, 高又彤 , null,0,0
753, 苏琪伟 , null,0,0
754, 钱春雷 , null,0,0
755, 于飞 , null,0,0
756, 沈学文 , null,0,0
757, 王凡 , null,0,0
758, 姜志强 , 1970-09-11,0,0
759, 帅迎春 , null,0,0
760, 韩恂 , null,0,0
761, 孙丹 , null,0,0
762, 王程 , 1976-07-09,0,0
763, 顾平 , null,0,0
764, 林雪芬 , null,0,0
765, 铃木嘉伦 , 1976-01-16,1,2
766, 河野光树 , 1974-01-14,1,2
767, V持丈 , 1970-02-10,1,2
768, 佐佐木正 , 1963-05-28,1,2
769, 岩丸平 , 1980-09-20,1,2
770, 中尾准吾 , 1970-04-05,1,2
771, 酒井猛 , 1948-01-02,1,2
772, 中根直行 , 1972-11-19,1,2
773, 冈田伸一郎 , 1966-09-22,1,2
774, 青木绅一 , 1965-06-09,1,2
775, 伊藤庸二 , 1958-12-31,1,2
776, 久岛国夫 , 1946-06-05,1,2
777, 高野英树 , 1970-05-08,1,2
778, 鹤丸敬一 , 1970-05-01,1,2
779, 仲邑信也 , 1973-04-10,1,2
780, 植木善大 , 1969-02-25,1,2
781, 姨镄闶 , 1966-07-19,1,2
782, 大桥拓文 , 1984-05-25,1,2
783, 北野亮 , 1969-09-08,1,2
784, 久保秀夫 , 1975-02-22,1,2
785, 大野伸行 , 1957-01-28,1,2
786, 远藤悦史 , 1971-08-05,1,2
787, 杨嘉荣 , 1971-04-17,1,2
788, 石井卫 , 1937-10-13,1,2
789, 宫崎龙太郎 , 1972-06-16,1,2
790, 杉本明 , 1973-07-09,1,2
791, 新垣武 , 1956-06-04,1,2
792, 三谷哲也 , 1985-08-25,1,2
793, 荒木一成 , 1977-08-16,1,2
794, 金泽秀男 , 1975-12-16,1,2
795, 河野贵至 , 1974-05-14,1,2
796, 山本正人 , 1949-01-09,1,2
797, 酒井真树 , 1968-07-08,1,2
798, null , null,1,2
799, 春山勇 , 1946-05-29,1,2
800, 藤泽一就 , 1964-08-12,1,2
801, 郡寿男 , 1956-11-30,1,2
802, 宫川史彦 , 1972-02-18,1,2
803, 北村洋司 , 1935-03-17,1,2
804, 中村秀仁 , 1945-08-19,1,2
805, 关和也 , 1956-11-04,1,2
806, 梁川裕政 , 1962-09-15,1,2
807, 邹海石 , 1948-09-22,1,2
808, 江面雄一 , 1943-01-15,1,2
809, null , null,1,2
810, 佐阪志朗 , 1969-12-08,1,2
811, 石仓升 , 1954-06-22,1,2
812, 黑泽忠尚 , 1940-02-01,1,2
813, c谷和宏 , 1961-08-07,1,2
814, 金川正明 , 1955-06-26,1,2
815, 小岛高穗 , 1942-01-26,1,2
816, 林子渊 , 1978-06-10,1,2
817, 广江博之 , 1966-11-23,1,2
818, 神田英 , 1961-12-30,1,2
819, 福井进 , 1947-05-21,1,2
820, 有村比吕司 , 1972-10-02,1,2
821, 福井正明 , 1944-01-15,1,2
822, 本间明男 , 1936-09-15,1,2
823, 星野正树 , 1967-01-11,1,2
824, 桑田泰明 , 1944-03-25,1,2
825, 高见泽忠夫 , 1938-07-20,1,2
826, 浅野英昭 , 1945-01-14,1,2
827, 茅野直彦 , 1937-07-04,1,2
828, 酒井荣男 , 1939-07-09,1,2
829, 谷口敏则 , 1952-09-26,1,2
830, 小松藤夫 , 1959-06-14,1,2
831, 小山镇男 , 1939-02-13,1,2
832, c原睦 , 1957-02-17,0,0
833, 笠井浩二 , 1947-10-24,1,2
834, 村松龙一 , 1963-01-20,1,2
835, 上村邦夫 , 1946-03-18,1,2
836, 大木启司 , 1965-08-11,1,2
837, 山田晋次 , 1983-07-14,1,2
838, 矢田直己 , 1973-08-21,1,2
839, 下岛阳平 , 1978-11-21,1,2
840, 詹妮斯金 , null,0,0
841, 黛安娜 , 1983-08-14,2,0
842, 新海洋子 , 1958-02-13,2,2
843, 陈锡明 , null,0,0
844, 华伟荣 , 1959-12-11,1,1
845, 施伦伯 , 1961-01-26,1,0
846, 林君浩 , null,0,0
847, 大平修三 , 1930-03-16,1,2
848, 大卫李 , null,0,0
849, 马修 , null,1,0
850, 维克多 , null,0,0
851, 石井新藏 , 1943-02-18,1,2
852, 郑铭煌 , 1963-06-27,1,2
853, 岛村俊广 , 1912-04-18,1,2
854, 藤泽朋斋 , 1919-03-09,1,2
855, 宫下秀洋 , 1913-12-20,0,0
856, 吴清源 , 1914-06-12,0,0
857, 弗兰茨约瑟夫 , 1969-01-24,0,0
858, 金熙中 , 1950-08-05,1,3
859, 李康旭 , 1982-04-01,1,3
860, 中园清三 , null,1,2
861, 古谷裕 , 1978-03-31,1,2
862, 金志锡 , 1989-06-13,1,3
863, 庾炅F , 1981-09-13,1,3
864, 夏衔誉 , null,0,0
865, 杨晋华 , 1952-06-19,1,0
866, 安得列 , null,0,0
867, 佛兰克简森 , null,0,0
868, 佐藤昌晴 , 1947-01-16,1,2
869, 园田泰隆 , 1957-08-04,1,2
870, 武井孝志 , 1979-02-15,1,2
871, 张成华 , null,0,0
872, 高梨圣健 , 1971-05-14,1,2
873, 梅木英 , 1946-04-03,1,2
874, 太田清道 , 1948-07-27,1,2
875, 牛之浜撮雄 , 1948-01-22,1,2
876, 宫本义久 , 1939-06-16,1,2
877, 西田荣美 , 1970-01-03,2,2
878, 小林千寿 , 1954-09-28,2,2
879, 恩田烈彦 , 1964-11-12,1,2
880, 安田泰敏 , 1964-03-01,1,2
881, 今井一宏 , 1974-07-12,1,2
882, 大山国夫 , 1944-12-12,1,2
883, 半田道玄 , 1915-10-25,0,0
884, 桑本晋平 , 1972-06-05,1,2
885, 额谦 , 1940-08-03,0,0
886, 山田至宝 , 1967-11-18,1,2
887, 水间俊文 , 1973-02-08,1,2
888, 黄翊祖 , 1987-04-10,1,2
889, 安斋伸彰 , 1985-08-19,1,2
890, 加藤启子 , 1978-06-12,2,2
891, 卷幡多荣子 , 1980-02-09,2,2
892, 小山荣美 , 1970-01-03,2,2
893, 党希昀 , 1989-04-16,2,0
894, 刘海圆 , 1950-06-29,0,0
895, 温昭珍 , 1986-10-02,1,3
896, 胡煜清 , null,1,1
897, 唐韦星 , 1993-01-15,1,1
898, 孙力 , 1991-02-08,1,1
899, 刘栽豪 , 1988-11-09,1,3
900, 本田满彦 , 1953-01-03,0,0
901, 金起用 , 1986-02-24,1,3
902, 宋鹏旺 , null,0,0
903, 龙霖 , null,0,0
904, 宫崎志摩子 , 1968-10-22,2,2
905, 陈东奎 , 1986-05-08,1,3
906, 李夏晨 , 1988-06-21,2,3
907, 朴贞根 , 1986-01-06,1,3
908, 洛佩斯 , null,0,0
909, 本田幸子 , 1930-12-30,2,2
910, 长谷川广 , 1981-04-03,1,2
911, 新垣朱武 , 1970-12-25,1,2
912, 金镇佑 , 1985-05-26,1,3
913, 村川大介 , 1990-12-14,1,2
914, 金秉民 , 1975-02-04,1,2
915, 川田晃平 , 1980-06-05,1,2
916, 久保田大 , 1982-04-30,1,2
917, 森野节男 , 1950-06-05,1,2
918, 曲励起 , 1924-11-13,1,2
919, 大枝雄介 , 1935-01-15,1,2
920, 谷宫悌二 , 1939-03-22,1,2
921, 户泽昭宣 , 1940-07-25,1,2
922, 三王裕孝 , 1940-05-29,1,2
923, 石博郁郎 , 1942-12-07,1,2
924, 川本升 , 1941-09-17,1,2
925, 土田正光 , 1944-08-01,1,2
926, 马场滋 , 1948-01-19,1,2
927, 金岛忠 , 1945-01-07,1,2
928, 杉内寿子 , 1927-03-06,2,2
929, 西上好彦 , 1941-03-16,0,0
930, 伊藤诚 , 1945-08-04,1,2
931, 井上国夫 , 1948-01-19,1,2
932, 岩田一 , 1948-11-30,1,2
933, 尾越一郎 , 1954-11-07,1,2
934, 土井诚 , 1954-10-01,1,2
935, 日高敏之 , 1959-10-26,1,2
936, 小长井克 , 1963-11-11,1,2
937, 矢中克典 , 1971-12-21,1,2
938, 中冈二郎 , 1921-05-29,1,2
939, 远藤隆博 , 1948-04-09,1,2
940, 泉谷政宪 , 1942-01-03,1,2
941, 川村匡迪 , 1945-05-05,0,0
942, 广江胜彦 , 1941-02-07,1,2
943, 奥村英夫 , 1949-01-14,1,2
944, 小杉胜 , 1944-01-22,1,2
945, 田中秀春 , 1955-03-11,0,0
946, 小林健二 , 1958-03-17,1,2
947, 羽根重子 , 1973-07-15,2,2
948, 吉冈薰 , 1960-03-01,0,0
949, 姨镅粢 , 1960-10-09,0,0
950, 郑铭琦 , 1965-01-06,1,2
951, 西村庆二 , 1967-05-03,1,2
952, 山田规喜 , 1972-03-28,1,2
953, 小山秀雄 , 1951-02-26,1,2
954, 山田和贵雄 , 1969-05-12,1,2
955, 铃木伊佐男 , 1968-09-25,1,2
956, 佐野贵诏 , 1965-09-13,1,2
957, 黑泷正宪 , 1975-07-23,1,2
958, 高桥秀夫 , 1971-04-13,1,2
959, 加藤佑辉 , 1972-12-12,1,2
960, 谢依F , 1989-11-16,2,2
961, 黄奕昀 , 1978-11-23,1,2
962, 金野为人 , 1975-05-03,0,0
963, 陈时映 , 1989-09-09,1,3
964, 江维杰 , 1991-10-17,1,1
965, 张策 , 1991-09-12,1,1
966, 郑淼鑫 , 1992-04-30,1,1
967, 孙腾宇 , 1993-09-12,1,1
968, 张强 , 1991-09-21,1,1
969, 王迦楠 , 1991-06-09,1,1
970, 汪涛 , 1990-04-12,1,1
971, 潘非 , 1990-01-31,1,1
972, 魏子翔 , null,1,1
973, 韦明瑞 , null,1,1
974, 唐嘉隆 , null,1,1
975, 田亦圣 , 1967-02-13,0,0
976, 方昊 , 1992-07-26,1,1
977, 杨啸天 , 1990-02-01,1,1
978, 陈德龙 , null,1,1
979, 张昊 , null,1,1
980, 李聪 , null,1,1
981, 李赫 , 1992-01-01,2,1
982, 谢少博 , null,2,1
983, 金楠勋 , 1984-01-02,1,3
984, 信田成仁 , 1951-09-19,1,2
985, 安藤和繁 , 1983-06-11,1,2
986, 玉井伸 , 1990-07-03,1,2
987, 高林拓二 , 1942-05-21,1,2
988, 王祥云 , 1989-11-07,2,1
989, 山部俊郎 , 1926-07-31,1,2
990, 孔令文 , 1981-09-24,1,2
991, 田村千明 , 1979-11-26,2,2
992, 内田修平 , 1989-09-08,1,2
993, 彭立尧 , 1992-01-14,1,1
994, 向井千瑛 , 1987-12-24,2,2
995, 檀啸 , 1993-03-10,1,1
996, 佐藤文俊 , 1958-01-28,0,0
997, 洪基杓 , 1989-07-21,1,3
998, 向井芳织 , 1981-07-31,2,2
999, 大桥成哉 , 1990-07-06,1,2
1000, 山本贤太郎 , 1980-11-15,1,2
1001, 山森忠直 , 1981-02-15,1,2
1002, 金丙俊 , 1988-06-20,1,2
1003, 奥田彩 , 1988-11-27,2,2
1004, 河英一 , 1985-06-01,1,2
1005, 星川爱生 , 1980-06-19,0,0
1006, 孙英世 , 1980-04-02,1,2
1007, 首藤瞬 , 1981-11-19,1,2
1008, 金艳 , 1964-12-15,2,2
1009, 柳泽理志 , 1988-03-18,1,2
1010, 李沂修 , 1988-06-16,1,2
1011, 村上晶英 , 1984-05-04,1,2
1012, 王唯任 , 1977-04-06,1,2
1013, 金贤贞 , 1979-01-16,2,2
1014, 中山薰 , 1956-01-05,2,2
1015, 菅野尚美 , 1964-11-06,2,2
1016, 河合将史 , 1970-07-05,1,2
1017, 光永淳造 , 1974-08-06,1,2
1018, 但马慎吾 , 1973-11-25,1,2
1019, 竹清勇 , 1979-07-26,1,2
1020, 高林正宏 , 1963-03-19,1,2
1021, 长原芳明 , 1939-12-05,1,2
1022, |和为 , 1922-01-03,1,2
1023, 桂笃 , 1977-09-27,1,2
1024, 浅野泰子 , 1963-09-04,2,2
1025, 青叶薰 , 1978-07-11,2,2
1026, 甲田明子 , 1976-01-12,2,2
1027, 严欢 , 1991-07-10,1,1
1028, 全瑛圭 , 1988-05-26,1,3
1029, 向井梢惠 , 1984-10-03,2,2
1030, 康占斌 , 1963-01-04,1,1
1031, 洪清泉 , 1981-12-30,1,2
1032, 下地玄昭 , 1961-07-12,1,2
1033, 长沼信 , 1934-07-05,0,0
1034, 玉城忍 , 1966-12-21,1,2
1035, 菅野清规 , 1941-06-26,1,2
1036, Y原章二 , 1926-01-02,1,2
1037, 安倍结美子 , 1970-06-22,0,0
1038, 井口秀一郎 , 1971-05-23,1,2
1039, 金炯佑 , 1988-03-02,1,3
1040, 河成奉 , 0000-00-00,1,3
1041, 宫本直毅 , 1934-12-09,1,2
1042, 平冈聪 , null,1,2
1043, 平野则一 , 1963-07-12,1,2
1044, 王磐 , null,2,1
1045, 廖行文 , 1994-12-20,1,1
1046, 秦悦欣 , 1991-12-03,1,1
1047, 蔡碧涵 , 1990-08-25,2,1
1048, 代颖辉 , null,0,0
1049, 朱仁坤 , null,1,1
1050, 黄明磊 , null,0,0
1051, 张涛 , 1991-03-23,1,1
1052, 姜国严 , null,0,0
1053, 蒋天棋 , null,1,1
1054, 李东阳 , null,1,1
1055, 任康 , null,0,0
1056, 王倪乔 , null,2,1
1057, 熊雨沛 , null,0,0
1058, 金秀勇 , 1990-04-21,1,3
1059, 田原靖史 , 1974-07-27,1,2
1060, 伊利亚什克辛 , 1990-05-07,1,0
1061, 横田日菜乃 , 2003-04-23,0,0
1062, 朴承华 , 1989-02-10,1,3
1063, 裴俊熙 , 1987-03-05,1,3
1064, 黑泷正树 , 1976-11-09,1,2
1065, 白石勇一 , 1984-03-29,1,2
1066, 小松英子 , 1962-04-26,2,2
1067, 松本奈代子 , 1956-07-30,2,2
1068, 高周延 , 1989-07-04,2,3
1069, 志田达哉 , 1990-12-06,1,2
1070, 万波奈穗 , 1985-09-10,2,2
1071, 富士田明彦 , 1991-11-08,1,2
1072, 曹又尹 , 1987-02-16,2,1
1073, 王晨星 , 1991-07-15,2,1
1074, 宋容慧 , 1992-07-25,2,1
1075, 朴蒽 , 1988-05-23,2,3
1076, 上地宏树 , 1984-05-13,0,0
1077, 赵美琼 , 1989-02-18,2,3
1078, 堀本满成 , 1989-10-23,1,2
1079, D内秀知 , 1920-01-25,1,2
1080, 牛洼义高 , 1947-05-24,1,2
1081, 单子腾 , null,1,1
1082, 连笑 , 1994-04-08,1,1
1083, 星川拓海 , 1983-03-03,1,2
1084, 胡跃峰 , 1991-10-25,1,1
1085, 吴天 , 1993-03-18,1,1
1086, 韩尚勋 , 1988-05-16,1,3
1087, 尹灿熙 , 1990-05-02,1,3
1088, 池田彩子 , 1971-10-19,2,2
1089, 桑原阳子 , 1974-06-14,2,2
1090, 朴廷桓 , 1993-01-11,1,3
1091, 重野由纪 , 1965-12-18,2,2
1092, 原幸子 , 1970-12-13,2,2
1093, 潘坤钰 , 1978-12-09,0,0
1094, 古庄胜子 , 1943-07-08,2,2
1095, 中星信 , 1987-06-10,1,2
1096, 武宫阳光 , 1977-04-29,1,2
1097, 崔丙焕 , 1987-06-05,1,3
1098, 罗德隆 , 1989-11-04,1,1
1099, 金升宰 , 1992-08-11,1,3
1100, 崔基勋 , 1988-04-02,1,3
1101, 陶欣然 , 1994-07-05,1,1
1102, 陈博雅 , null,1,1
1103, 权亨镇 , 1990-01-11,1,3
1104, 刘云龙 , 1992-03-05,1,1
1105, 殷明明 , null,2,1
1106, 许长正 , 1990-03-20,1,0
1107, 王裕子 , null,1,1
1108, 蔡竞 , 1993-06-23,1,1
1109, 王湘杰 , 1992-10-16,1,0
1110, 田尻悠人 , 1991-03-09,1,2
1111, 赵裴 , null,0,0
1112, 古家正大 , 1972-04-20,1,2
1113, 关达也 , 1989-07-26,1,2
1114, 余正麒 , 1995-06-19,1,2
1115, 金泽真 , 1992-05-24,1,2
1116, 刘耀文 , 1982-07-07,1,0
1117, 李泰贤 , 1990-01-01,1,3
1118, 佐佐木毅 , 1977-06-25,0,0
1119, 阪本宁生 , 1977-08-13,1,2
1120, 朴志娟 , 1991-05-13,2,3
1121, 兆乾 , 1991-07-02,2,2
1122, 寺山怜 , 1990-12-20,1,2
1123, 大泽健朗 , 1986-07-09,1,2
1124, 武田祥典 , 1974-02-09,1,2
1125, 小田铁兵 , 1987-01-21,1,2
1126, 李瑟娥 , 1991-11-20,2,3
1127, 郭求真 , 1957-10-26,0,0
1128, 李元道 , 1989-05-30,1,3
1129, 石井茜 , 1982-08-02,2,2
1130, 李豪杰 , 1993-03-02,1,1
1131, 高岛武 , 1986-12-27,1,2
1132, 姜儒泽 , 1991-11-26,1,3
1133, 小野幸治 , 1981-10-09,0,0
1134, 克里斯坦波普 , null,0,0
1135, 党毅飞 , 1994-06-17,1,1
1136, 赵镜镐 , 1989-11-07,1,3
1137, 李贤虎 , 1988-06-11,1,3
1138, 蒋蔚 , 1992-07-08,1,1
1139, 王玮 , 1992-09-23,1,1
1140, 柳东完 , 1989-03-06,1,3
1141, 金仑映 , 1989-04-22,2,3
1142, 铃木伸二 , 1990-11-03,1,2
1143, 黑嘉嘉 , 1994-05-26,2,0
1144, 熊本秀生 , 1991-06-26,1,2
1145, 王景怡 , 1986-07-09,2,2
1146, 李春揆 , 1989-03-27,1,3
1147, 伊藤优诗 , 1991-07-22,1,2
1148, 安冬旭 , 1992-12-27,1,1
1149, 国宇征 , 1993-04-20,1,1
1150, 娄玺 , null,1,1
1151, 曹潇阳 , 1992-08-06,1,1
1152, 周贺玺 , 1992-10-28,1,1
1153, 王晨帆 , null,1,1
1154, 李章元 , null,1,1
1155, 芈昱廷 , 1996-01-08,1,1
1156, 马如龙 , 1992-09-02,1,1
1157, 大渊浩太郎 , 1992-05-14,1,2
1158, 木和田一臣 , 1988-03-25,1,2
1159, 三根康弘 , 1988-01-06,1,2
1160, 郭闻潮 , 1989-07-20,1,1
1161, 安亨浚 , 1989-08-30,1,3
1162, 韩雄奎 , 1990-05-11,1,3
1163, 王香如 , 1990-06-03,2,1
1164, null , 1994-03-01,2,1
1165, 朴时烈 , 1989-08-08,1,3
1166, 李志贤 , 1992-09-30,1,3
1167, 祁立鹤 , null,1,1
1168, 小山龙吾 , 1966-12-03,1,2
1169, 金美里 , 1991-03-24,2,3
1170, 姜昌培 , 1986-07-21,1,3
1171, 陈浩 , 1994-04-23,1,1
1172, 斋藤正 , 1969-04-17,0,0
1173, 安成浚 , 1991-09-16,1,3
1174, 小田浩光 , 1963-07-05,1,2
1175, 李轩豪 , 1995-02-01,1,1
1176, 金庭贤 , 1991-04-12,1,3
1177, 南善己 , 1941-01-23,1,2
1178, 李元荣 , 1992-05-08,1,3
1179, 张越然 , null,2,1
1180, 陈一鸣 , 1995-11-08,2,1
1181, 金基原 , 1993-11-06,1,3
1182, 文度媛 , 1991-08-23,2,3
1183, 金玄燮 , 1988-12-06,1,3
1184, 金惠临 , 1992-04-19,2,3
1185, 中村邦子 , 1954-01-01,0,0
1186, 村松大树 , 1989-03-06,1,2
1187, 平田智也 , 1994-02-27,1,2
1188, 伊田笃史 , 1994-03-15,1,2
1189, 稻叶贵宇 , 1991-11-03,1,2
1190, 安达利昌 , 1991-04-15,1,2
1191, 下坂美织 , 1987-07-07,2,2
1192, 西条雅孝 , 1941-01-05,1,2
1193, 杨鼎新 , 1998-10-19,1,1
1194, 范廷钰 , 1996-08-06,1,1
1195, 柯洁 , 1997-08-02,1,1
1196, 赵宝龙 , null,1,1
1197, 罗玄 , 1995-01-30,1,3
1198, 李柱衡 , 1992-01-01,1,3
1199, 崔显宰 , 1993-01-13,1,3
1200, 朴永龙 , 1989-01-01,1,3
1201, 韩态熙 , 1993-09-17,1,3
1202, 柳珉滢 , 1991-09-21,1,3
1203, 王哲明 , null,1,1
1204, 井上直纪 , 1989-02-10,1,2
1205, 松原大成 , 1972-08-05,1,2
1206, 熊丰 , 1978-11-23,1,2
1207, 范蕴若 , 1996-01-07,1,1
1208, 萨巴梅罗 , null,0,0
1209, 三村芳织 , 1981-07-31,2,2
1210, 安国铉 , 1992-07-23,1,3
1211, 河合哲之 , 1936-01-06,1,2
1212, 大户省三 , 1948-09-04,1,2
1213, 菅野昌志 , 1967-10-28,1,2
1214, 平本弥星 , 1952-10-30,0,0
1215, 野口仁 , 1945-03-06,1,2
1216, 井上初枝 , 1945-11-06,0,0
1217, 金娜贤 , 1991-12-06,2,3
1218, 黎婷 , 1980-03-24,0,0
1219, 黄镇亨 , 1989-02-06,1,3
1220, 李浩范 , 1992-01-01,1,3
1221, 李炯珍 , 1990-09-19,1,3
1222, 闵详然 , 1992-07-31,1,3
1223, 崔精 , 1996-10-07,2,3
1224, 藤泽里菜 , 1998-09-18,2,2
1225, 於之莹 , 1997-11-23,2,1
1226, 许进 , 1991-03-26,1,3
1227, 沼馆沙辉哉 , 1992-11-02,1,2
1228, 高木淳平 , 1993-03-19,1,2
1229, 金世东 , 1989-02-08,1,3
1230, 鹤田和志 , 1995-05-14,1,2
1231, 一力辽 , 1997-06-10,1,2
1232, 黄云嵩 , 1997-01-15,1,1
1233, 金东昊 , 1991-04-02,1,3
1234, 星川航洋 , 1989-09-18,1,2
1235, 金真辉 , 1996-01-26,1,3
1236, 洪茂镇 , 1994-05-19,1,3
1237, 徐仲辉 , 1982-07-16,1,3
1238, 李昊承 , 1987-03-13,1,3
1239, 益子富美彦 , 1964-05-13,0,0
1240, 长岛梢惠 , 1984-10-03,2,2
1241, 胡然闵 , 1993-11-17,1,1
1242, 朴] , 1992-03-31,1,3
1243, 苏圣芳 , 1996-08-05,2,0
1244, 柳慎桓 , 0000-00-00,1,3
1245, 上田崇史 , 1974-04-24,1,2
1246, 金成进 , 1989-08-13,1,3
1247, 木谷好美 , 1952-07-23,2,2
1248, 杜阳 , null,1,1
1249, 李铭 , 1993-04-01,1,1
1250, 童梦成 , 1996-04-26,1,1
1251, 韩一洲 , 1997-02-07,1,1
1252, 吉原由香里 , 1973-10-04,2,2
1253, 辜梓豪 , 1998-03-13,1,1
1254, 吴政娥 , 1993-03-24,2,3
1255, 金彩瑛 , 1996-01-15,2,3
1256, 娄洛宁 , 1992-07-29,1,1
1257, 姜升G , 1994-11-29,1,3
1258, 金镇薰 , 1991-02-16,0,0
1259, 李东勋 , 1998-02-04,1,3
1260, 赵寅善 , 1990-06-27,1,3
1261, 黄宰渊 , 1995-04-08,1,3
1262, 孙 , 1996-02-21,1,2
1263, 梁寓皙 , 1995-01-05,1,3
1264, 谷口彻 , 1996-05-15,1,2
1265, 姜勋(小) , 1990-08-21,1,3
1266, 谷宫绚子 , 1946-02-02,0,0
1267, 崔烘允 , 1992-07-17,1,3
1268, 高桥真澄 , 1989-04-06,1,2
1269, 本木克弥 , 1995-08-02,1,2
1270, 飞田早纪 , 1991-04-05,2,2
1271, 河野征夫 , 1940-09-27,1,2
1272, 小野田拓弥 , 1991-09-01,1,2
1273, 王彦皓 , 1995-03-15,1,1
1274, 郭信驿 , 1994-06-28,1,1
1275, 范胤 , 1997-12-10,1,1
1276, 谢尔豪 , 1998-09-26,1,1
1277, 肖威 , null,1,1
1278, 李翔宇 , 1997-12-16,1,1
1279, 田瑞祺 , 1995-07-25,1,1
1280, 张家豪 , 1995-12-14,1,1
1281, 邱金波 , null,1,1
1282, 李钦诚 , 1998-10-20,1,1
1283, 杨楷文 , 1997-01-28,1,1
1284, 戎毅 , 1994-11-11,1,1
1285, 文炳权 , 0000-00-00,0,0
1286, 常石隆志 , 1991-05-14,1,2
1287, 王爽 , 1995-05-16,2,1
1288, 马天放 , null,1,1
1289, 金正善 , 0000-00-00,0,0
1290, 卞相壹 , 1997-01-14,1,3
1291, 金显灿 , 1988-01-02,1,3
1292, 陈贤 , 1997-05-11,1,1
1293, 金民浩 , 1995-02-24,1,3
1294, 张佩佩 , 1995-10-25,2,1
1295, 汤靖轩 , 1996-08-08,1,1
1296, 杨靖 , null,0,0
1297, 李映周 , 1990-04-08,2,3
1298, 朴珉奎 , 1994-06-05,1,3
1299, 柳秀沆 , 1990-12-12,1,3
1300, 姜秉卷 , 1992-08-20,1,3
1301, 李范镇 , 1992-01-19,0,0
1302, 朴硬根 , 1992-11-09,1,3
1303, 郑斗镐 , 1992-10-01,1,3
1304, 王元均 , 1996-03-14,1,0
1305, 金元彬 , 1993-05-20,0,0
1306, 尹春浩 , 1981-06-30,1,2
1307, 桥本宽 , 1995-01-28,1,2
1308, 李尚宪 , 1988-09-18,1,3
1309, 姜知勋 , 1993-01-05,1,3
1310, 高星 , 1996-06-14,2,1
1311, 刘宇 , 1991-03-10,1,1
1312, 夏晨琨 , 1994-10-30,1,1
1313, 申真 , 2000-03-17,1,3
1314, 申F , 1999-01-11,1,3
1315, 吴侑珍 , 1998-06-11,2,3
1316, 何鑫 , null,1,1
1317, 国泽大斗 , 1989-04-08,1,2
1318, 丽塔 , null,2,0
1319, 余瑾 , 1990-01-29,2,0
1320, 娜塔莉娅 , 1987-09-20,2,0
1321, 姚智腾 , 1998-01-31,1,2
1322, 木部夏生 , 1995-08-11,2,2
1323, 桥本谊 , 1934-05-30,1,2
1324, 菊地正敏 , 1991-07-18,1,2
1325, 吉川一 , 1990-05-07,1,2
1326, 黄乐盈 , null,2,0
1327, 林君谚 , 1997-11-26,1,0
1328, 小松大树 , 1990-04-17,1,2
1329, 公彦宇 , 1997-01-14,1,1
1330, 郑胥 , null,1,1
1331, 乔智健 , 1996-01-18,1,1
1332, 出口万里子 , 1991-01-20,0,0
1333, 黄昕 , 1996-08-22,1,1
1334, 马逸超 , 1998-01-01,1,1
1335, 刘兆哲 , 1996-03-24,1,1
1336, 秀史 , 1952-10-30,0,0
1337, 中山典之 , 1932-09-03,1,2
1338, 郭春林 , 1966-02-15,1,1
1339, 程宏昊 , null,1,1
1340, 王琛 , null,1,1
1341, 钱留儒 , null,1,1
1342, 白宝祥 , 1992-12-31,1,1
1343, 李子祺 , null,1,1
1344, 风间隼 , 1991-02-02,1,2
1345, 大西研也 , 1995-07-27,1,2
1346, 佐田笃史 , 1995-12-24,1,2
1347, 胡钰函 , 1996-11-27,1,1
1348, 周元俊 , null,1,1
1349, 田口美星 , 1993-03-19,2,2
1350, 李东方 , null,0,0
1351, 汪希如 , 1997-12-02,0,0
1352, 丁世雄 , 1998-08-09,1,1
1353, 竹内康v , 1993-12-06,1,2
1354, 姜兑勋 , 1994-04-14,0,0
1355, 穗坂O , 1969-10-20,2,2
1356, 岸本一男 , 1942-11-23,1,2
1357, 横山国忠 , 1940-07-31,0,0
1358, |原武雄 , 1923-02-25,1,2
1359, 加田克司 , 1931-03-18,1,2
1360, 申润昊 , 1991-06-29,1,3
1361, 关山利夫 , 1937-07-20,1,2
1362, 森岛薰 , 1939-01-29,1,2
1363, 赵晨宇 , 1999-06-04,1,1
1364, 金明训 , 1997-04-07,1,3
1365, 张健贤 , 1991-10-15,0,0
1366, 俞炳龙 , 1988-11-14,1,3
1367, 高恬亮 , 1994-11-19,1,1
1368, 王异新 , 1989-05-01,1,1
1369, 崔博东 , 1993-06-02,1,1
1370, 崔超 , 1989-10-01,1,1
1371, 吉田阳一 , 1935-07-23,1,2
1372, 中新 , 1911-11-30,1,2
1373, 筱原正美 , 1904-01-01,1,2
1374, 佐藤馨 , 1934-07-27,1,2
1375, 水田羡博 , 1937-09-12,0,0
1376, 大D一玄 , 1929-03-15,1,2
1377, 仓桥正藏 , 1942-11-06,1,2
1378, 加纳嘉德 , 1928-04-14,1,2
1379, 佐藤直男 , 1924-02-15,1,2
1380, 朴大荣 , 1994-02-15,1,3
1381, 张子涵 , null,2,1
1382, 李羿蓉 , 1992-05-19,2,1
1383, 汪雨博 , 1996-02-14,2,1
1384, 许俭颖 , null,2,1
1385, 胡子扬 , 1998-05-07,0,0
1386, 袁一田 , null,0,0
1387, 小山靖男 , 1937-04-27,1,2
1388, 白豫林 , null,0,0
1389, 潘阳 , null,2,1
1390, 朱骏寰 , null,1,1
1391, 王泽锦 , 1999-02-08,1,1
1392, 张一鸣 , null,1,1
1393, 许振宇 , null,1,1
1394, 唐崇哲 , null,1,1
1395, Y原正晃 , 1974-02-27,1,2
1396, 贾依凡 , 1989-03-19,1,1
1397, 刘彤 , 1989-08-31,1,1
1398, 张宏杰 , 1992-05-14,1,1
1399, 许嘉阳 , 1999-11-22,1,1
1400, 陶然 , 1996-06-10,2,1
1401, 白赞僖 , 1995-11-08,1,3
1402, 战鹰 , 1995-04-08,2,1
1403, 韩升周 , 1996-11-27,1,3
1404, 雷震坤 , 1994-03-03,1,1
1405, 李昌锡 , 1996-04-27,1,3
1406, 吴长煜 , 1996-05-20,1,3
1407, 郑升贤 , 1994-10-12,0,0
1408, 陈润韬 , null,1,1
1409, 久井敬史 , 1920-05-13,1,2
1410, 金伸英 , 1991-02-25,2,3
1411, 李响 , 1993-03-02,1,1
1412, 舒一笑 , 1998-04-13,1,1
1413, 应一韬 , 1996-04-07,1,1
1414, 卢天圣 , null,0,0
1415, 严在明 , 1997-05-16,1,1
1416, 吕皓钧 , 1989-04-06,1,0
1417, 萧爱霖 , 1989-06-09,2,0
1418, 曼纽拉 , null,0,0
1419, 陈婉瑜 , null,0,0
1420, 刘志远 , 1991-05-05,1,0
1421, 阿特姆 , 1992-12-12,1,0
1422, 中l千寻 , 1983-12-17,0,0
1423, 李维清 , 2000-04-10,1,1
1424, 蔡文驰 , 1995-05-04,1,1
1425, 董明 , 1993-11-09,1,1
1426, 陈正勋 , 1998-09-16,1,1
1427, 廖元赫 , 2000-12-20,1,1
1428, 洪爽义 , 1986-08-10,1,2
1429, 李万鹏 , null,0,0
1430, 韦一博 , null,1,1
1431, 陈思源 , 1995-07-30,1,1
1432, 冯昊 , 1997-02-06,1,1
1433, 刘津铭 , null,1,1
1434, 黄静远 , 1999-10-07,1,1
1435, 何语涵 , 1999-09-07,1,1
1436, 蒋其润 , 2000-10-12,1,1
1437, 李乐 , 1992-01-09,1,1
1438, 吴梓天 , null,1,1
1439, 张学中 , null,0,0
1440, 牛力力 , 1961-09-26,2,1
1441, 横V力 , 1994-11-22,1,2
1442, 李青海 , 1959-11-28,1,1
1443, 雷侦倜 , 1953-09-05,1,1
1444, 翁子瑜 , 1961-03-28,1,1
1445, 稻叶花梨 , 1999-03-17,2,2
1446, 黄丽萍 , null,2,1
1447, 贾罡璐 , 1995-10-18,2,1
1448, 卞闻恺 , 1992-09-22,1,2
1449, 藤村洋辅 , 1995-04-13,1,2
1450, 朴泰姬 , 1994-02-25,2,3
1451, 许家元 , 1997-12-24,1,2
1452, 宫本千春 , 1994-04-05,2,2
1453, 田中伸幸 , 1991-01-20,1,2
1454, 袁亭昱 , 1998-07-07,2,1
1455, 早濑弘 , 1937-09-24,1,2
1456, 星合志保 , 1997-04-16,2,2
1457, 小山空也 , 1996-11-17,1,2
1458, 富红梅 , 1975-02-02,2,2
1459, i泽真知子 , 1975-12-07,0,0
1460, 谷村义行 , 1961-03-30,1,2
1461, 等力博 , 1949-06-30,0,0
1462, 穆晓红 , null,0,0
1463, 纸谷哲雄 , 1939-01-26,0,0
1464, 渡边贡规 , 1997-06-20,1,2
1465, 阿部良希 , 1996-07-17,1,2
1466, 小杉清 , 1939-02-21,1,2
1467, 叶井天平 , 1950-07-18,0,0
1468, 白江治彦 , 1938-01-16,1,2
1469, 明户和巳 , 1947-06-27,1,2
1470, 吉田洋逸 , 1944-10-08,0,0
1471, 前谷信吾 , 1937-11-30,0,0
1472, o松正树 , 1963-09-02,1,2
1473, S田秀行 , 1965-02-15,1,2
1474, 渡边礼二 , 1936-02-26,0,0
1475, 浜中隆光 , 1959-07-17,0,0
1476, 村冈美香 , 1963-09-19,0,0
1477, 迪娜 , 1987-03-19,0,0
1478, 高@赫 , 1975-12-12,1,0
1479, 葛勇飞 , 1969-08-22,1,0
1480, 樊麾 , 1981-12-27,1,0
1481, 帕沃尔利兹 , 1995-02-09,1,0
1482, 新井满涌 , 1994-05-03,2,2
1483, 陈兆年 , 1989-05-09,0,0
1484, 稻垣弘一 , 1936-06-20,1,2
1485, 横山孝一 , 1919-05-30,1,2
1486, 锅岛昭 , 1936-07-04,0,0
1487, 森川正夫 , 1919-06-12,0,0
1488, 陈玉侬 , 1998-04-27,1,1
1489, 张瀚辰 , null,0,0
1490, 石金昊 , null,1,1
1491, 格特格勒嫩 , null,0,0
1492, 全俊鹤 , 0000-00-00,0,0
1493, 郑粲镐 , 0000-00-00,1,3
1494, 伊凌涛 , 2000-05-29,1,1
1495, 石豫来 , 2001-12-23,1,1
1496, 王若然 , 1997-08-15,1,1
1497, 罗岩 , 1998-07-23,1,1
1498, 松冈辉夫 , 1938-07-24,0,0
1499, 简莹 , null,0,0
1500, 新谷洋佑 , 1996-08-06,1,2
1501, 克拉拉扎鲁德科娃 , null,0,0
1502, 陈昱森 , 1998-09-03,1,1
1503, 赵健男 , 1999-03-09,1,1
1504, 陈梓健 , 2000-01-05,1,1
1505, 李必奇 , 1998-09-23,1,1
1506, 赵贯汝 , 1997-01-15,2,1
1507, 谢科 , 2000-01-14,1,1
1508, 寇政岩 , 1998-07-11,1,1
1509, 陈文政 , 1998-02-09,1,1
1510, 徐泽鑫 , 1998-12-13,1,1
1511, 丁浩 , 2000-06-13,1,1
1512, 陈芯瑜 , null,0,0
1513, 毛昱衡 , 1982-01-23,2,1
1514, 王钧琦 , null,0,0
1515, 乔诗尧 , null,2,1
1516, 张超 , 1992-08-04,0,0
1517, 焦士维 , 1997-06-23,1,1
1518, 曾志豪 , 1997-03-06,1,1
1519, 何天凝 , null,0,0
1520, 姜多情 , 1991-05-31,2,3
1521, 崔Ｔ , 1999-09-01,1,3
1522, 朴沧溟 , 1991-03-13,1,3
1523, 史干生 , null,1,0
1524, 卢卡斯珀德贝拉 , null,1,0
1525, 李炫准 , 1994-03-19,1,3
1526, 陈笑天 , null,1,1
1527, 宋相勋 , 1995-10-24,1,3
1528, 外柳是闻 , 1994-12-23,1,2
1529, 六浦雄太 , 1999-05-01,1,2
1530, 大谷直辉 , 1993-01-24,1,2
1531, 陈思 , null,2,1
1532, 木谷礼子 , 1939-12-23,0,0
1533, 林立祥 , 1993-09-07,1,0
1534, 陈祈睿 , 2000-06-15,1,0
1535, 吴柏毅 , 1996-01-26,1,2
1536, 原正和 , 1998-03-04,1,2
1537, 姜G侯 , 1996-03-24,1,2
1538, 金子真季 , 1995-09-12,2,2
1539, 杨博崴 , 1998-01-03,1,0
1540, 芝野虎丸 , 1999-11-09,1,2
1541, 林修平 , 1992-03-08,1,0
1542, 高岛涌吾 , 1997-01-05,1,2
1543, 阿里贾巴林 , 1993-11-05,1,0
1544, 墨t准 , 1999-01-29,1,3
1545, 太田亮 , 1989-07-19,1,2
1546, 胡帅 , null,1,1
1547, 武B , null,1,1
1548, 蒋辰中 , 1989-07-15,1,1
1549, 金磊 , 1991-04-04,1,1
1550, null , 1994-01-18,1,1
1551, 耿文彬 , 1990-06-05,1,1
1552, 李祝 , null,1,1
1553, 袁泽 , 1990-06-20,1,1
1554, 张瑞杰 , 1999-01-16,1,2
1555, 西山静佳 , 1992-07-09,2,2
1556, 影山敏之 , 1967-09-08,0,0
1557, 丁少杰 , 1990-09-04,1,0
1558, 黄彦诚 , 1994-12-09,1,0
1559, 陈禧 , 1995-09-30,1,0
1560, 余承 , null,1,0
1561, 弗朗西斯 , 1990-08-28,1,2
1562, 陈擎宇 , 1990-08-16,1,0
1563, 罗楚h , 2001-08-10,2,1
1564, a遇邦 , null,1,0
1565, 张哲豪 , 1986-04-07,1,0
1566, 黄丞毅 , 1992-12-06,1,0
1567, 简立宸 , 1996-09-25,1,0
1568, 张怀一 , 1981-12-16,1,1
1569, 张原荣 , 1985-03-08,1,0
1570, 陈冠维 , 1996-11-20,1,0
1571, 李源鲲 , 1992-02-21,2,1
1572, 李修全 , 1996-08-01,0,0
1573, 沙莎 , null,0,0
1574, 古川金优 , 1978-12-09,0,0
1575, 叶济菡 , null,0,0
1576, 铃木武夫 , 1938-09-11,0,0
1577, 铃木敬施 , 1978-02-15,0,0
1578, 胜间史朗 , 1974-05-26,1,2
1579, 侯靖哲 , 2000-11-23,1,1
1580, 胡傲华 , 1999-12-15,1,1
1581, 赵威 , null,0,0
1582, 刘宇航 , 2001-07-18,1,1
1583, 内海晃希 , 1996-12-27,1,2
1584, 西健伸 , 1999-09-27,1,2
1585, 宋慧领 , 1997-02-14,2,3
1586, 李裕真 , 1993-08-01,2,3
1587, 李旭 , null,1,1
1588, 藤原克也 , 1969-11-26,0,0
1589, 范希钰 , null,1,1
1590, null , 1995-02-16,1,1
1591, 陈扬 , 1993-04-01,1,1
1592, 陆敏全 , 1999-04-26,2,1
1593, 张紫良 , 2000-05-17,1,1
1594, 潘昕玮 , 2000-09-15,1,1
1595, 王世一 , 2000-10-12,1,1
1596, 沈沛然 , 2002-01-24,1,1
1597, 郑鸿逸 , null,0,0
1598, 李成森 , 1999-12-31,1,1
1599, 薛冠华 , 2001-02-13,1,1
1600, 陈亚峰 , 2000-04-15,1,1
1601, 赵奕斐 , 2000-02-10,2,1
1602, 李维 , 1998-08-23,1,0
1603, 林士勋 , 1997-07-12,1,0
1604, 杨以伦 , 1951-05-10,0,0
1605, 前田陈尔 , 1907-11-22,0,0
1606, 饭田纯也 , 1996-05-07,0,0
1607, 渡边由宇 , 1999-07-31,1,2
1608, 藤原彰子 , null,0,0
1609, 大西龙平 , 2000-03-14,1,2
1610, 李东徽 , 1995-03-12,1,3
1611, 金缕里 , 1994-06-26,1,3
1612, 张天歌 , 1994-01-31,2,1
1613, 赵一方 , 1999-01-15,2,1
1614, 刘汤颢 , null,0,0
1615, 陈翰祺 , 2000-07-05,1,1
1616, 万乐奇 , 1995-11-20,1,1
1617, 克里特 , null,0,0
1618, 张雨澜 , null,0,0
1619, 宋知勋 , 1998-02-23,1,3
1620, 朴河G , 1998-02-14,1,3
1621, 朴材根 , 1996-04-16,1,3
1622, 安正己 , 1997-07-09,1,3
1623, 江村棋弘 , 1979-00-00,1,2
1624, 金准锡 , 1994-09-09,0,0
1625, 古田直义 , 1968-10-30,0,0
1626, 乔然 , null,1,1
1627, 崔宰荣 , 1997-04-10,1,3
1628, 郎杰 , null,1,1
1629, 魏太雄 , 1993-12-28,1,3
1630, 山崎吉广 , 1948-04-06,1,2
1631, 朴镇A , 2000-05-10,1,3
1632, 魏强 , null,1,1
1633, 高宇 , null,1,1
1634, 代智天 , 1995-12-26,1,1
1635, 季力立 , 1993-03-25,0,0
1636, 蒋佶豆 , 1997-08-31,1,1
1637, 潘亭宇 , 2001-01-19,1,1
1638, 朴键昊 , 1998-06-14,1,3
1639, 伊藤健良 , 1993-09-26,1,2
1640, 田永善 , 1949-10-23,1,3
1641, 李柱龙 , 1954-09-13,1,3
1642, 刘慧玲 , 1998-01-19,2,1
1643, 唐吟啸 , 1998-02-07,1,1
1644, 马光子 , 1996-12-14,1,1
1645, 柳思佳 , 1998-04-08,0,0
1646, 周泓余 , 2002-07-01,2,1
1647, 方若曦 , 2002-03-21,2,1
1648, 吴震宇 , 1997-01-30,1,1
1649, 许嘉伟 , 1999-03-03,1,1
1650, 陈旭东 , 1996-09-16,1,1
1651, 本杰明洛哈特 , null,1,0
1652, 堀田阳三 , 1957-02-12,1,2
1653, 杂久 , 1947-03-21,0,0
1654, 角慎介 , 1965-05-07,0,0
1655, 松浦日出夫 , 1937-08-03,0,0
1656, 星川信明 , 1951-07-07,1,2
1657, 康又赫 , 2001-03-27,1,3
1658, 俞俐均 , 1999-04-29,2,0
1659, 廖冠泓 , 1993-02-25,1,0
1660, 小池芳弘 , 1998-07-06,1,2
1661, 胡田 , 0000-00-00,0,0
1662, 郑宇航 , 0000-00-00,1,1
1663, 马特乌斯 , 1995-09-03,1,0
1664, 王传海 , 0000-00-00,0,0
1665, 宇谷俊太 , 1992-08-29,1,2
1666, 王郦 , 0000-00-00,0,0
1667, 牛荣子 , 1999-05-12,2,2
1668, 周旋 , 1996-12-00,2,1
1669, 王思尹 , 1998-10-25,2,1
1670, 王嘉琪 , 2000-09-22,2,1
1671, 金志明 , 2001-03-04,1,3
1672, 天野雅文 , 1934-11-22,0,0
1673, 长谷川章 , 1900-01-06,0,0
1674, 平野正明 , 1945-07-17,0,0
1675, 本田悟朗 , 1970-01-13,1,2
1676, 星野纪 , 1918-05-13,1,2
1677, 堀田诚司 , 1962-07-11,1,2
1678, 家田隆二 , 1937-12-10,0,0
1679, 井口精治 , 1935-11-19,0,0
1680, 池崎世典 , 1956-08-14,1,2
1681, 稻垣阳 , 1971-06-24,1,2
1682, 八幡直树 , 2000-09-10,1,2
1683, 郭以明 , null,0,0
1684, 庄承浚 , 1999-11-29,1,0
1685, 陈乃申 , 1993-05-11,1,0
1686, 朴相俊 , 0000-00-00,0,0
1687, 程观 , 1996-07-20,0,0
1688, 陈志轩 , 1997-12-09,1,0
1689, 林世民 , 1996-12-31,1,0
1690, 黄道隆 , 1998-01-11,1,0
1691, 许育祺 , 1993-12-03,1,0
1692, 许皓f , 2001-04-30,1,0
1693, 蔡丞韦 , 1998-03-21,1,0
1694, 黄世元 , 2000-08-31,1,0
1695, 简靖庭 , 2000-09-05,1,0
1696, 高昀 , 1993-11-14,1,0
1697, 林子元 , 1994-10-19,1,0
1698, 林杰汉 , 1995-04-10,1,0
1699, 乔纳斯 , 0000-00-00,1,0
1700, 铁木尔桑金 , 0000-00-00,0,0
1701, 叶源 , 1997-05-07,1,0
1702, 佐藤优太 , 1989-07-13,1,2
1703, 于清泉 , 1992-02-09,1,1
1704, 吴辰爵 , 0000-00-00,0,0
1705, 陈豪鑫 , 2004-01-05,1,1
1706, 赖均辅 , 2002-04-08,1,0
1707, 大竹优 , 2001-11-14,1,2
1708, 广濑优一 , 2001-08-09,1,2
1709, 余炳 , 2004-01-07,1,0
1710, 卢奕铨 , 2001-03-29,1,0
1711, 托马斯德巴雷 , 1993-04-13,1,0
1712, 金多瑛 , 1998-03-14,2,3
1713, 权周利 , 1997-09-08,2,3
1714, 许瀚文 , 1996-03-27,1,1
1715, 柳琪峰 , 1999-07-23,1,1
1716, 艾尔维娜 , 0000-00-00,2,0
1717, 李立言 , 0000-00-00,1,0
1718, null , null,0,0
1719, 朴钟勋 , 2000-01-14,1,3
1720, 濑川良雄 , 1913-10-23,0,0
1721, 中川新之 , 1907-04-29,1,2
1722, 奥村靖 , 1967-06-13,1,2
1723, 酒井通温 , 1914-09-23,1,2
1724, 炭野武司 , 1921-01-18,0,0
1725, 中村勇太郎 , 1908-02-05,0,0
1726, 三轮芳郎 , 1921-09-17,1,2
1727, 程朗 , 0000-00-00,0,0
1728, 格里高利 , 0000-00-00,0,0
1729, 王嘉宝 , 1997-08-03,1,1
1730, 李健宇 , 0000-00-00,1,1
1731, 宋圭相 , 1998-09-28,1,3
1732, 杨润东 , 2000-03-26,1,1
1733, 李鱼德东 , 1998-04-13,1,3
1734, 姜哲民 , 1939-07-26,1,3
1735, 朴炫洙 , 2000-04-26,1,3
1736, 刘云程 , 2001-08-08,1,1
1737, 王音灵水 , 1998-05-19,1,1
1738, 徐进 , 1991-11-11,0,0
1739, 安提特尔梅宁 , 1989-06-28,1,0
1740, 陈青琴 , 0000-00-00,0,0
1741, 赵涓v , 1989-02-18,2,3
1742, 崔光户 , 1991-06-17,1,3
1743, 张| , 0000-00-00,0,0
1744, 张念祺 , 0000-00-00,1,1
1745, 李勋政 , 0000-00-00,0,0
1746, 王星昊 , 2004-02-02,1,1
1747, 井上尚美 , 1964-11-06,0,0
1748, 泷口政季 , 1963-06-12,1,2
1749, 鲁俊仁 , 1998-04-11,1,1
1750, 玄釉斌 , 2002-08-26,1,3
1751, 赵毓彩 , 1999-01-28,1,1
1752, 赵中暄 , 2000-12-11,1,1
1753, 白现宇 , 0000-00-00,1,3
1754, 上野爱D美 , 2001-10-26,2,2
1755, 小林礼子 , 1939-12-23,2,2
1756, 井上绫子 , 1965-07-01,2,2
1757, 尚司和子 , 1938-04-01,0,0
1758, 吉田晴美 , 1957-11-28,0,0
1759, 尹渠 , 2002-01-31,2,1
1760, 黄子萍 , 2000-11-10,2,1
1761, 林彦丞 , 2001-09-18,1,0
1762, 王智弘 , 2000-09-13,1,0
1763, 秦驰远 , 0000-00-00,0,0
1764, 汪逸尘 , 0000-00-00,1,1
1765, 朴常镇 , 2001-05-19,1,3
1766, 金基范 , 1997-07-14,1,3
1767, null , null,0,0
1768, 杨子萱 , 0000-00-00,2,0
1769, 高咏梅 , 0000-00-00,2,1
1770, 陈必森 , 1997-01-11,1,1
1771, 沈载益 , 1998-10-04,1,3
1772, 下平昭夫 , 1937-01-05,1,2
1773, 川村和宪 , 1953-10-13,0,0
1774, 小野绫子 , 1990-09-08,2,2
1775, 李启勋 , 1957-07-02,0,0
1776, null , null,0,0
1777, 大表拓都 , 1996-05-28,1,2
1778, 鸟井裕太 , 1993-12-21,1,2
1779, 屠晓宇 , 2003-10-17,1,1
1780, 高光明 , 1961-08-05,1,3
1781, 韩赏洙 , 1973-07-10,0,0
1782, 桑原骏 , 1999-04-10,1,2
1783, 王子昂 , 1997-11-19,1,1
1784, 李梦石 , 0000-00-00,1,1
1785, 张博 , 0000-00-00,0,0
1786, 裴德汉 , 0000-00-00,0,0
1787, 蔡文鑫 , 2002-02-02,1,1
1788, 张俊哲 , 1999-11-16,1,1
1789, 肖琪 , 1996-06-13,1,1
1790, 东野政治 , 1942-04-12,1,2
1791, 井上真知子 , 1949-01-20,2,2
1792, 黑田幸雄 , 1914-05-19,1,2
1793, 詹姆斯科文 , 1946-11-01,1,0
1794, 石桥千涛 , 1943-12-05,1,2
1795, 横地进 , 1949-02-17,0,0
1796, 赵祥衍 , 1941-11-16,1,2
1797, 岛田义邦 , 1951-07-25,1,2
1798, 苏广悦 , 1992-02-11,1,1
1799, 曹汝旭 , 1993-05-22,0,0
1800, 金昌勋 , 1995-08-20,1,3
1801, 赵炎 , null,1,1
1802, 陈一纯 , 2001-10-22,1,1
1803, 邓威 , 0000-00-00,0,0
1804, 岩井真一 , 0000-00-00,0,0
1805, 井上要 , 1942-12-03,0,0
1806, 岩井龙一 , 0000-00-00,0,0
1807, 八幡幸一 , 1968-08-15,0,0
1808, 山内正树 , 1961-01-09,0,0
1809, 本原清博 , null,0,0
1810, 出云哲也 , 1971-04-15,0,0
1811, 铃木越雄 , 1915-09-11,0,0
1812, 曹承亚 , 1998-08-08,2,3
1813, 吉田升司 , 1966-09-30,0,0
1814, 张兮领 , 1997-02-04,2,3
1815, 影山利郎 , 1926-06-21,1,2
1816, 小野丰 , 1939-05-31,1,2
1817, 铃木政春 , 1920-03-03,0,0
1818, 林庭毅 , 1992-11-10,1,0
1819, null , null,0,0
1820, 于浩然 , 1995-10-03,1,1
1821, 丸山N治 , 1956-04-16,0,0
1822, 村冈茂行 , 1955-08-28,0,0
1823, 关航太郎 , 2001-11-28,1,2
1824, 坂井嵩司 , 2001-08-07,1,2
1825, 芝野龙之介 , 1997-12-02,1,2
1826, 西冈正织 , 1998-03-26,1,2
1827, 茂吕有纱 , 1999-10-16,2,2
1828, 一色识央 , 1977-09-30,0,0
1829, 富永武 , 1969-10-08,0,0
1830, 桐本和夫 , 1953-02-28,0,0
1831, 高群彻朗 , 1961-01-01,0,0
1832, 曾渊海 , 2002-10-06,1,1
1833, 佐野久仁子 , 1961-07-22,0,0
1834, 酒牧幸典 , 1936-01-01,0,0
1835, 徐戈 , 1996-11-09,0,0
1836, 黄明远 , 0000-00-00,0,0
1837, 柯杰晖 , 0000-00-00,1,0
1838, 维亚切斯拉夫 , 0000-00-00,0,0
1839, 高桥功 , 1944-10-30,0,0
1840, 朴正洙 , 2001-08-27,1,3
1841, 朴柱民 , 1996-10-22,1,3
1842, 李承俊 , 1999-05-17,1,3
1843, 尧潇童 , 2000-02-08,1,1
1844, 何D , 2000-10-06,1,1
1845, 朴庆F , 0000-00-00,0,0
1846, 朴钟昱 , 0000-00-00,0,0
1847, 文儒彬 , 1998-03-13,1,3
1848, 赵南均 , 0000-00-00,0,0
1849, 曹聪 , 1996-04-18,0,0
1850, 黄明宇 , 2002-08-23,1,1
1851, 戴思远 , 1999-09-04,0,0
1852, 朱明晟 , 1996-11-21,0,0
1853, 陈玄 , 1997-06-10,0,0
1854, 杨文铠 , 1999-03-02,0,0
1855, 周玉川 , 1995-03-10,0,0
1856, 孙冠群 , 1994-04-02,0,0
1857, 张逅 , 0000-00-00,0,0
1858, 水谷守江 , 1945-01-03,0,0
1859, 黄一鸣 , 1999-05-02,0,0
1860, 尹松涛 , 2002-08-30,1,1
1861, 文兆仪 , 2000-02-21,0,0
1862, 李鑫怡 , 2000-06-21,2,1
1863, 谷宛珊 , 2001-04-09,2,1
1864, 唐嘉雯 , 2004-02-18,2,1
1865, 王允中 , 1981-01-25,1,0
1866, 成家业 , 2002-06-05,1,1
1867, 陈镱夫 , 1998-03-18,1,1
1868, 纪祥 , 1999-01-15,1,1
1869, 元杰 , 2001-08-27,2,1
1870, 杨棋棋 , 1995-03-11,2,1
1871, 王梓莘 , 2001-05-22,2,1
1872, 姜智洙 , 1998-10-08,2,3
1873, 韩相朝 , 1999-09-28,1,3
1874, 伊了 , 2001-08-15,1,2
1875, 李宰成 , 0000-00-00,1,3
1876, 安德里克拉维茨 , 1990-12-12,1,0
1877, y笃仁 , 2002-03-26,1,2
1878, 李雨昂 , 1999-01-24,1,1
1879, 陈磊 , 2001-01-05,0,0
1880, 张岐 , 1999-07-29,1,1
1881, 范炳旭 , 1999-08-21,0,0
1882, 李泽锐 , 2005-02-01,0,0
1883, 奥村登 , 1936-10-01,0,0
1884, 岛村导弘 , 1941-01-13,0,0
1885, 细川千仞 , 1899-07-13,0,0
1886, 铃木为次郎 , 1883-05-24,0,0
1887, 水野一郎 , 1934-09-20,0,0
1888, 周序锋 , 1951-07-17,0,0
1889, 赵佩哲 , 1993-02-11,1,0
1890, 林新为 , 1999-01-10,1,0
1891, 简意弘 , 2000-10-26,1,0
1892, 彭德 , 1991-10-24,1,0
1893, 铃木津奈 , 1921-04-16,2,2
1894, 陈首廉 , null,1,0
1895, 王超 , 1995-05-31,0,0
1896, 金京垠 , 2003-04-16,2,3
1897, 卢宁 , 1985-00-00,1,1
1898, 何承威 , 1997-07-05,1,0
1899, 锅岛一郎 , 1909-07-04,0,0
1900, 伊藤友惠 , 1907-12-10,2,2
1901, 近藤幸子 , 1946-06-06,2,2
1902, 白鸟澄子 , 1919-01-06,2,2
1903, 柳内惠美子 , 1932-08-30,2,2
1904, 谷村久仁子 , 1961-07-22,2,2
1905, 佐藤真知子 , 1949-01-20,0,0
1906, 武田贤子 , 1924-07-27,0,0
1907, 木本有香 , 1994-06-14,0,0
1908, 郑誓俊 , 1995-10-15,1,3
1909, 金宣圻 , 2002-01-03,1,3
1910, M田晴彦 , 1941-03-11,1,2
1911, x中喜见生 , 1934-01-23,0,0
1912, 陈劭全 , 1999-06-02,1,0
1913, 牛诗特 , 2001-04-02,1,0
1914, 李真雄 , 1994-09-15,1,0
1915, 白昕卉 , 2001-04-12,2,0
1916, 董友棠 , 1993-11-09,1,0
1917, 林柏宇 , 2004-07-07,1,0
1918, 吕立言 , 2001-05-08,1,1
1919, 赵斐 , 2001-08-29,1,1
1920, 今村文明 , 0000-00-00,1,2
1921, 李家庆 , 0000-00-00,1,1
1922, 孙鹏宇 , 2002-08-16,0,0
1923, 文敏钟 , 2003-02-12,1,3
1924, 山下克久 , 1931-05-26,0,0
1925, 安炳茂 , 0000-00-00,1,3
1926, 金恩持 , 2007-05-27,0,0
1927, 全勇洙 , 1994-05-30,1,3
1928, null , null,0,0
1929, null , null,0,0
1930, 康轩豪 , 0000-00-00,0,0
1931, 杨宗霖 , 0000-00-00,1,0
1932, 朱绍维 , 2001-09-26,0,0
1933, 大川拓也 , 2001-11-06,1,2
1934, 金炅奂 , 2002-09-04,1,3
1935, 金永徒 , 2000-03-13,1,3
1936, 金东佑 , 2002-04-02,1,3
1937, 尹h重 , 2001-03-19,1,3
1938, 宣承G , 2003-06-03,1,3
1939, 金G , 2000-10-07,2,3
1940, 权孝珍(男) , 2004-01-08,1,3
1941, 尹睿成 , 2002-02-22,1,3
1942, 金G奎 , 2001-08-26,0,0
1943, 田中康涌 , 2001-06-14,1,2
1944, 敖立婷 , 0000-00-00,0,0
1945, 酒井佑规 , 0000-00-00,1,2
1946, 赵俊哲 , 1999-02-02,0,0
1947, 王泽宇 , 2002-12-06,1,1
1948, 代耕宇 , 2002-09-03,0,0
1949, 陈浩东 , 1999-07-10,0,0
1950, 朱业明 , 0000-00-00,0,0
1951, 宋子睿 , 0000-00-00,0,0
1952, 赵文东 , 0000-00-00,0,0
1953, 吴俊豪 , 1998-01-25,0,0
1954, 董 , 1996-10-02,0,0
1955, 张谦 , 1988-11-27,0,0
1956, 谷瑞泽 , 2000-07-09,0,0
1957, 谢傥 , 1989-08-18,0,0
1958, 张泰毓 , 1998-04-18,0,0
1959, 桑浩哲 , 1998-05-27,0,0
1960, 于富霖 , 2000-04-09,1,1
1961, 王倩钰 , 1996-08-23,0,0
1962, 陈佳明 , 1997-08-11,0,0
1963, 潘伟健 , 1998-02-11,0,0
1964, 王伟 , 1993-01-10,0,0
1965, 张家尧 , 1997-03-28,0,0
1966, 加藤千笑 , 2001-09-13,2,2
1967, 康鹏 , 0000-00-00,0,0
1968, 朱峰毅 , 0000-00-00,0,0
1969, 许瑞t , 2002-05-30,2,3
1970, 炭野恒广 , 1921-01-18,0,0
1971, 泷口矶子 , 1958-09-05,2,2
1972, 吴昊 , 1996-07-06,0,0
1973, 岩田纱绘加 , 1997-01-09,2,2
1974, 村本涉 , 1997-11-08,1,2
1975, 令狐嘉骏 , 1996-10-07,0,0
1976, 孙启睿 , 0000-00-00,0,0
1977, 王景弘 , 1987-12-04,0,0
1978, 长德彻志 , 2001-05-27,1,2
1979, 青木裕孝 , 2001-02-03,1,2
1980, 杜岸树 , 1996-01-16,0,0
1981, 伍北轩 , 0000-00-00,0,0
1982, 李威翰 , 0000-00-00,0,0
1983, 余晰蒙 , 1995-01-27,0,0
1984, 罗嘉琪 , 0000-00-00,0,0
1985, 金希洙 , 1997-12-22,1,3
1986, 平田博则 , 1926-06-20,1,2
1987, 金宗范 , 0000-00-00,0,0
1988, 尹显斌 , 1997-06-20,0,0
1989, 佐藤洋平 , 1980-08-26,0,0
1990, 沈海率 , 0000-00-00,0,0
1991, null , null,0,0
1992, null , null,0,0
1993, null , null,0,0
1994, 松冈章 , 1947-11-20,0,0
1995, 日下包夫 , 1915-01-08,0,0
1996, 曾富康 , 0000-00-00,1,0
1997, 安东 , 0000-00-00,0,0
1998, null , 0000-00-00,0,0
1999, 劳拉阿夫拉姆 , 0000-00-00,0,0
2000, 苏格平 , 0000-00-00,0,0
2001, null , null,0,0
2002, 斯坦尼斯劳 , 0000-00-00,1,0
2003, 尼科拉米蒂奇 , null,0,0
2004, 杜山米蒂奇 , null,1,0
2005, 唐吉勒卡夫 , 1995-05-16,1,0
2006, 康奈尔布尔佐 , 1980-05-03,1,0
2007, 林佳冠 , 0000-00-00,0,0
2008, null , null,0,0
2009, 詹宜典 , 0000-00-00,1,0
2010, 赖宥丞 , 0000-00-00,1,0
2011, 伊藤加代子 , 1937-09-26,2,2
2012, 二m英子 , 1962-04-26,2,2
2013, 铃木五良 , 1917-06-02,1,2
2014, 松浦吉洋 , 1926-01-30,1,2
2015, 陈威廷 , 2000-01-30,1,0
2016, 金F] , 1996-06-18,1,3
2017, 高逸典 , 0000-00-00,0,0
2018, 张成龙 , 0000-00-00,0,0
2019, 杨宗煜 , 2000-07-14,0,0
2020, 今分太郎 , 2000-07-29,0,0
2021, 朴智英 , 1990-03-03,0,0
2022, 车主惠 , 1999-01-28,2,3
2023, 都恩教 , 1985-08-10,2,3
2024, null , null,0,0
2025, 李度弦 , 2001-06-05,2,3
2026, 储可儿 , 2002-10-07,2,1
2027, 吴依铭 , 2006-11-22,2,1
2028, 黄嘉怡 , 0000-00-00,2,1
2029, 周昱杉 , 0000-00-00,0,0
2030, 丁明君 , 0000-00-00,2,1
2031, 沙星宇 , 1994-08-25,0,0
2032, 金禹丞 , 2004-06-23,1,1
2033, 郑载想 , 2005-09-28,1,1
2034, 骆焯凡 , 2003-12-13,0,0
2035, 胡晓 , 2001-07-13,1,1
2036, 郑子健 , 1999-06-26,0,0
2037, 韩卓然 , 2005-01-26,0,0
2038, 李昊潼 , 2004-03-12,0,0
2039, 赵邦桥 , 1997-11-03,0,0
2040, 张铭康 , 2003-08-12,1,1
2041, 史记 , 1998-10-13,0,0
2042, 王昊天 , 2004-04-25,0,0
2043, 胡子豪 , 2006-10-08,0,0
2044, 韩恩溢 , 2003-12-13,0,0
2045, 张奕超 , 0000-00-00,0,0
2046, 王竣啸 , 2000-09-24,0,0
2047, 黄春棋 , 2003-01-25,1,1
2048, 高若环 , 0000-00-00,0,0
2049, 金珊 , 0000-00-00,0,0
2050, 李泽豪 , 1999-03-16,0,0
2051, 陈昊 , 1997-03-24,0,0
2052, 张浩伟 , 1997-03-04,0,0
2053, 秦佳林 , 2005-12-28,0,0
2054, 张子豪 , 1996-09-22,0,0
2055, 薛宏哲 , 2003-01-29,0,0
2056, 王祯 , 0000-00-00,0,0
2057, 吕烁 , null,0,0
2058, 陈奕琳 , 0000-00-00,0,0
2059, 邓歆懿 , 1995-08-03,0,0
2060, 杭小童 , 0000-00-00,2,1
2061, 张馨月 , 0000-00-00,0,0
2062, 董天怡 , null,0,0
2063, 尹圣植 , 0000-00-00,0,0
2064, 前田亮 , 1972-03-08,0,0
2065, null , 2003-12-18,1,1
2066, 谢东霖 , 1997-09-22,1,0
2067, 李丹霏 , 0000-00-00,2,3
2068, 武井太心 , 2001-09-18,1,2
2069, 酒井正则 , 1929-10-12,0,0
2070, 郑娟宇 , 1997-05-05,2,3
2071, y井良太郎 , 1930-03-16,0,0
2072, 关根直久 , 1938-11-02,1,2
2073, 水野弘士 , 1936-03-23,0,0
2074, 武田美佐绪 , 1921-08-01,2,2
2075, 浮田昌侑 , 1939-01-07,0,0
2076, 张嘉桓 , 0000-00-00,1,0
2077, 徐靖恩 , 0000-00-00,1,0
2078, 黄伟 , 0000-00-00,1,0
2079, 濑尾寿 , 1917-09-30,0,0
2080, 赤木一夫 , 1921-09-07,0,0
2081, 藤木人见 , 1917-05-11,0,0
2082, 森洋喜 , 0000-00-00,0,0
2083, 文钟皓 , 1996-02-04,0,0
2084, 武田博爱 , 1914-03-05,0,0
2085, 石毛嘉久夫 , 1925-04-13,0,0
2086, 渡边英夫 , 1903-09-01,0,0
2087, 冈信光 , 1940-01-14,0,0
2088, 松本笃二 , 1921-11-05,1,2
2089, 田中三七一 , 1904-01-29,1,2
2090, 褂窆夫 , 1921-02-23,1,2
2091, 桑原宗久 , 1923-07-20,0,0
2092, 高桥俊光 , 1906-08-02,0,0
2093, 宫崎洋 , 1935-06-23,0,0
2094, 山崎v男 , 1920-05-04,1,2
2095, 青柳英雄 , 1921-06-18,0,0
2096, 村岛谊纪 , 1905-03-19,0,0
2097, 光原伊太郎 , 1897-01-30,0,0
2098, 刈谷启 , 1912-02-22,0,0
2099, 染谷一雄 , 1912-09-19,0,0
2100, 福田正义 , 1899-06-05,0,0
2101, 谷田治巳 , 1947-10-06,0,0
2102, 三川新次 , 1951-04-17,0,0
2103, 山中章雄 , 1934-04-18,0,0
2104, 石井资郎 , 1946-05-04,0,0
2105, 长崎裕二 , 1951-01-17,0,0
2106, 松村修 , 1942-08-29,0,0
2107, 佐藤彰 , 1950-02-21,0,0
2108, 渡边宽大 , 2002-10-16,0,0
2109, 清成真央 , 1989-08-29,0,0
2110, 大熊悠人 , 1989-02-08,0,0
2111, 中井喜三 , 1928-05-07,0,0
2112, 森山玄之 , 1934-03-28,0,0
2113, 近藤进 , 1932-11-01,0,0
2114, 吉田宅治 , 1948-01-28,0,0
2115, 森川满夫 , 1933-10-31,0,0
2116, 井上修作 , 1938-03-28,0,0
2117, D内秀明 , 1928-02-02,0,0
2118, 柏原康人 , 1939-07-25,0,0
2119, 冈桥弘忠 , 1934-02-26,0,0
2120, 施景尧 , 2003-04-30,1,0
2121, 卢钰桦 , 1997-10-16,2,0
2122, 李晶彬 , 1990-04-28,0,0
2123, 瞿鸣 , 2004-06-26,0,0
2124, 花畅 , 0000-00-00,0,0
2125, 向井一男 , 1900-03-27,0,0
2126, 五十川正雄 , 1915-02-15,0,0
2127, 渡边升吉 , 1911-01-10,0,0
2128, 韩宇进 , 2005-06-12,1,3
2129, 文智焕 , 2003-06-04,1,3
2130, 吴秉v , 2003-04-07,1,3
2131, null , 2003-12-23,0,0
2132, 李W , 2004-01-18,1,3
2133, 周逸诚 , 2003-04-28,0,0
2134, 彭萨康 , 2007-01-26,0,0
2135, null , null,2,0
2136, 奥斯卡 , null,0,0
2137, 仲邑堇 , 2009-03-02,2,2
2138, 大森m , 2002-08-14,2,2
2139, 金相仁 , 2002-09-22,2,3
2140, 金制 , 2001-09-23,2,3
2141, 寺田疤 , 1997-01-02,0,0
2142, y华 , 2000-06-12,2,2
2143, 高津昌昭 , 1986-09-05,0,0
2144, 浜岛久义 , 1907-05-01,0,0
2145, 大关稔 , null,1,2
2146, 上野梨纱 , 2006-06-24,2,2
2147, 金相天 , 1999-12-17,1,3
2148, 坂井健太郎 , 2000-04-28,0,0
2149, 汪美成 , 1999-05-05,2,1
2150, 毛彦新 , 2004-10-00,0,0
2151, 汪文琪 , 1996-02-00,0,0
2152, 蔡李宸 , 2001-00-00,0,0
2153, null , 2005-00-00,2,1
2154, 杨戈 , 1999-00-00,0,0
2155, 刘睿智 , 1996-00-00,0,0
2156, 吕洵锋 , 2002-00-00,0,0
2157, 李元祺 , 1993-00-00,1,1
2158, 王禹程 , 2005-00-00,0,0
2159, 李雪萌 , 2001-00-00,0,0
2160, 于靖莹 , 1997-00-00,0,0
2161, 陈蔓淇 , 2006-10-26,0,0
2162, 解学斌 , 2000-00-00,0,0
2163, 成晓青 , 2000-00-00,0,0
2164, 王春晖 , 2006-00-00,1,1
2165, 李欣宸 , 2006-00-00,0,0
2166, 陈土力 , 2002-00-00,0,0
2167, 杨霆轩 , 2004-00-00,0,0
2168, 姚佳慧 , 1990-00-00,0,0
2169, 魏欣桐 , 2005-00-00,0,0
2170, 王冕 , 2001-00-00,0,0
2171, 周润民 , 2001-00-00,1,1
2172, 张梦瑶 , 2004-00-00,0,0
2173, 胡振鹏 , 2002-00-00,1,1
2174, 汪鹏飞 , 1999-00-00,0,0
2175, 李思璇 , 2006-00-00,0,0
2176, 徐晶琦 , 2004-00-00,0,0
2177, 林圣弈 , 1992-11-10,1,0
2178, 羽根彩夏 , 2002-06-23,2,2
2179, 吴周星 , 1988-06-25,0,0
2180, 朴东柱 , 2005-03-16,0,0
2181, 金康F , 1997-05-28,0,0
2182, 金治宇 , 1994-07-11,0,0
2183, 车芙一 , 1999-09-02,0,0
2184, 康知范 , 1996-07-09,0,0
2185, 金志宇 , 1999-03-26,0,0
2186, 柳昌柱 , 2005-08-12,0,0
2187, 李宇榄 , 2002-05-13,0,0
2188, 金桐熙 , 2000-02-04,1,3
2189, 金荣光 , 2004-07-14,0,0
2190, 金鲁炅 , 2002-09-15,0,0
2191, 申载元 , 2000-02-16,0,0
2192, 丁勋铉 , 1993-07-22,1,3
2193, 赵完 , 2001-03-26,0,0
2194, 崔殷奎 , 2005-03-19,0,0
2195, 郑宇津 , 2005-06-03,0,0
2196, 玛丽亚 , 1995-02-16,0,0
2197, 森智D , 2003-02-10,2,2
2198, 池本辽太 , 2001-08-11,0,0
2199, N田裕仁 , 1999-02-15,1,2
2200, 五藤真奈 , 2001-12-13,2,2
2201, 蔡祈冕 , 2005-03-09,0,0
2202, 大须贺圣良 , 2004-01-20,2,2
2203, 藤井浩贵 , 2002-07-25,1,2
2204, 福冈航太朗 , 2005-12-22,1,2
2205, 傅健恒 , null,0,0
2206, 高雄茉莉 , 2001-05-10,2,2
2207, 辰己茜 , 1982-08-02,2,2
2208, 黄宥腾 , null,1,0
2209, 刘一芳 , null,2,0
2210, 林钰 , null,2,0
2211, 黄袖圃 , null,1,0
2212, 舒敬雯 , null,2,0
2213, 栗田佳树 , null,1,2
2214, 小西泰三 , 1939-06-23,0,0
2215, 刘川霆 , 2002-02-19,0,0
2216, 曾品杰 , 2000-12-12,0,0
2217, 林晓彤 , null,0,0
2218, 陈彦儒 , null,0,0
2219, 三浦太郎 , 2004-11-14,0,0
2220, 金裕撰 , 2003-09-01,0,0
2221, 梁洧准 , 2004-08-17,0,0
2222, 朱治洪 , 1994-10-25,0,0
2223, 琴b] , 2001-08-29,0,0
